Invoice Type,Invoice date,Invoice Number,Payment Terms,Due Date,Invoice Amount,Branch
Type,Issue Date,Invoice Number,Terms,Due Date,Open Balance,Class
Bill,2026-02-17 00:00:00,266546,Net 30,46100,2602.1,Seattle
Bill,2026-02-23 00:00:00,6377849-00,Net 30,46106,299.76,Seattle
Bill,2026-02-09 00:00:00,259616 X Partial Shi,1% 10 Net 30,46092,8145,Seattle
Bill,2026-02-11 00:00:00,3141684,Net 30,46094,3399.02,Seattle
Bill,2026-02-13 00:00:00,74485,2% 15 Net 30,46096,615,Seattle
Bill,2026-02-13 00:00:00,74514,2% 15 Net 30,46096,185.99,Seattle
Bill,2026-02-24 00:00:00,75315,2% 15 Net 30,46107,1664.05,Seattle
Bill,2026-02-09 00:00:00,WASE382545,Net 30,46092,120.26,Seattle
Bill,2026-02-12 00:00:00,WASE382595,Net 30,46095,705,Seattle
Bill,2026-02-20 00:00:00,0731026-IN,Net 30,46103,3425.93,Seattle
Bill,2026-02-21 00:00:00,95706454,Net 60,46104,4577.56,Seattle
Bill,2026-02-06 00:00:00,SI-323458,1.5% 10 Net 30,46089,34391.36,Seattle
Bill,2026-02-17 00:00:00,SI324005,1.5% 10 Net 30,46100,20740,Seattle
Bill,2026-02-02 00:00:00,6334,Net 30,46085,7119.4,Seattle
Bill,2026-01-28 00:00:00,CI000067637,Net 30,46080,1709.63,Seattle
Bill,2026-01-30 00:00:00,22922,Net 30,46082,15742.7,Seattle
Bill,2026-02-13 00:00:00,23027,Net 30,46096,5505.4,Seattle
Bill,2026-02-20 00:00:00,23082,Net 30,46103,783,Seattle
Credit,2024-12-17 00:00:00,64197214-00,Immediate,,-204.51,Seattle
Bill,2026-02-02 00:00:00,106247,Net 30,46085,3987,Seattle
Bill,2026-02-10 00:00:00,106510,Net 30,46093,3027.73,Seattle
Bill,2026-02-20 00:00:00,2612580705,2% 30 Net 60,46133,19088.49,Spokane
Bill,2026-02-23 00:00:00,75190,2% 15 Net 30,46106,77.74,Spokane
Bill,2026-01-27 00:00:00,WASE382376,Net 30,46079,3261.5,Spokane
Bill,2026-02-03 00:00:00,SI-323164,Net 30,46086,665,Spokane
Bill,2026-02-06 00:00:00,SI-323461,1.5% 10 Net 30,46089,23935,Spokane
Bill,2026-02-09 00:00:00,SI-322595 X,Net 30,46092,19653.4,Spokane
Bill,2026-02-18 00:00:00,SI-324277,1.5% 10 Net 30,46101,14791.48,Spokane
Bill,2026-02-23 00:00:00,106891,Net 30,46106,3702.62,Spokane
Bill,2026-01-26 00:00:00,106064,Net 30,46078,16473.87,Spokane
Bill,2026-02-06 00:00:00,36365,Net 30,46089,1675,Seattle
Bill,2026-02-10 00:00:00,24483,Net 30,46093,842,Seattle
Credit,2025-12-01 00:00:00,CM494,Immediate,,-1844.66,Seattle
Credit,2025-10-29 00:00:00,247268CR,Immediate,,-250,Seattle
Bill,2026-02-05 00:00:00,95679485 X,Net 60,46088,782.47,Seattle
Bill,2026-02-10 00:00:00,95694260,Net 60,46093,19305.21,Seattle
Bill,2026-02-19 00:00:00,95677611 X_1,Net 60,46102,381.14,Seattle
Bill,2026-02-19 00:00:00,95703964,Net 60,46102,6888.02,Seattle
Bill,2026-01-22 00:00:00,95675799,Net 60,46074,2079.65,Seattle
Bill,2026-02-07 00:00:00,95691703,Net 30,46090,22291.08,Seattle
Bill,2026-02-09 00:00:00,95680246 X,Net 30,46092,1300.5,Seattle
Credit,2025-10-16 00:00:00,03016465CR,Immediate,,-712.86,Seattle
Credit,2025-06-22 00:00:00,374031DUPL,Immediate,,-1308.18,Seattle
Bill,2026-02-02 00:00:00,9000101848X,1% 30 NET 45,46100,1438.08,Seattle
Bill,2026-02-09 00:00:00,9000100465 X,1% 30 NET 45,46107,766.89,Seattle
Bill,2026-02-16 00:00:00,9000117643,1% 30 NET 45,46114,161.97,Seattle
Credit,2026-01-28 00:00:00,CM17011,Immediate,,-776,Seattle
Bill,2026-02-17 00:00:00,802785,Net 60,46130,6728.4,Spokane
Bill,2026-02-17 00:00:00,802786,Net 60,46130,627.6,Spokane
Bill,2026-02-10 00:00:00,95693685,Net 60,46093,1400.12,Spokane
Bill,2026-02-12 00:00:00,95696461,Net 60,46095,11734.07,Spokane
Bill,2026-02-18 00:00:00,9570303023,Net 60,46101,27312.32,Spokane
Bill,2026-01-14 00:00:00,95666360,Net 60,46066,18352,Spokane
Bill,2026-02-10 00:00:00,9000111089_1,1% 30 NET 45,46108,50179.75,Spokane
Bill,2026-02-18 00:00:00,9000119763,1% 30 NET 45,46116,2060.55,Spokane
Bill,2026-02-09 00:00:00,INV264718,Net 60,46122,1544.67,Seattle
Bill,2026-02-02 00:00:00,SI-323005 X,Net 30,46085,1962,Seattle
Bill,2026-02-09 00:00:00,SI-323471,1.5% 10 Net 30,46092,3270.75,Seattle
Bill,2026-02-20 00:00:00,119633M,Net 30,46103,2951.2,Seattle
Bill,2026-02-16 00:00:00,CI000069035,Net 30,46099,509.12,Seattle
Bill,2026-01-28 00:00:00,CI000067639,Net 30,46080,1926.1,Seattle
Bill,2026-02-18 00:00:00,168903,Net 30,46101,5018.19,Seattle
Bill,2026-02-17 00:00:00,INV265786,Net 60,46130,629.1,Spokane
Bill,2026-02-27 00:00:00,24636,Net 30,46110,1734,Seattle
Bill,2026-02-27 00:00:00,24635,Net 30,46110,14019.4,Seattle
Bill,2026-02-09 00:00:00,44320,Net 30,46092,726,Seattle
Bill,2026-02-13 00:00:00,449552,Net 30,46096,280.54,Seattle
Bill,2026-02-18 00:00:00,449158 X,Net 30,46101,777.5,Seattle
Bill,2026-02-23 00:00:00,449609,Net 30,46106,849.4,Seattle
Bill,2026-02-23 00:00:00,449595,Net 30,46106,764.08,Seattle
Bill,2026-02-26 00:00:00,449528,Net 30,46109,32955.5,Seattle
Bill,2026-02-05 00:00:00,9874418,Net 30,46088,149.26,Seattle
Bill,2026-02-11 00:00:00,9879801,2% 10 Net 30,46094,115020,Seattle
Bill,2026-02-13 00:00:00,9881930,2% 10 Net 30,46096,54.12,Seattle
Bill,2026-02-23 00:00:00,9887994,2% 10 Net 30,46106,80.37,Seattle
Bill,2026-01-30 00:00:00,558971,Net 30,46082,3644,Seattle
Bill,2026-02-25 00:00:00,562223,Net 30,46108,4180,Seattle
Bill,2026-02-16 00:00:00,77-004,Net 30,46099,1880,Seattle
Bill,2026-02-18 00:00:00,INV201338,Net 30,46101,2520.5,Seattle
Bill,2026-02-18 00:00:00,INV201344,Net 30,46101,3291,Seattle
Bill,2026-02-02 00:00:00,0465484-IN X,Net 30,46085,137.57,Seattle
Bill,2026-02-05 00:00:00,0465742-IN,Net 30,46088,172.04,Seattle
Bill,2026-02-10 00:00:00,0465957-IN,Net 30,46093,1160.78,Seattle
Bill,2026-02-25 00:00:00,8569,Net 30,46108,19670,Seattle
Bill,2026-02-02 00:00:00,000801837 X,Net 30,46085,3252.6,Seattle
Bill,2026-02-25 00:00:00,80338,Net 60,46138,654.12,Seattle
Bill,2026-02-26 00:00:00,803438,Net 60,46139,447.12,Seattle
Bill,2026-02-26 00:00:00,803459,Net 60,46139,1475.91,Seattle
Bill,2026-02-23 00:00:00,182970400,Net 30,46106,2287,Seattle
Bill,2026-02-26 00:00:00,810307330 X,Net 30,46109,217,Seattle
Bill,2026-02-02 00:00:00,11294X,Net 30,46085,134.04,Seattle
Bill,2026-02-02 00:00:00,11298X,Net 30,46085,248.31,Seattle
Bill,2026-02-13 00:00:00,11324,Net 30,46096,174.83,Seattle
Bill,2026-01-29 00:00:00,95682463,Net 60,46081,867.79,Seattle
Bill,2026-01-29 00:00:00,95682464,Net 60,46081,50,Seattle
Bill,2026-01-29 00:00:00,95682359,Net 60,46081,271.22,Seattle
Bill,2026-01-29 00:00:00,95682293,Net 60,46081,205.07,Seattle
Bill,2026-01-29 00:00:00,95682193,Net 60,46081,1124.6,Seattle
Bill,2026-01-29 00:00:00,95682212,Net 60,46081,528.56,Seattle
Bill,2026-01-29 00:00:00,95681996,Net 60,46081,568.11,Seattle
Bill,2026-01-29 00:00:00,95681654,Net 60,46081,275.85,Seattle
Bill,2026-01-29 00:00:00,95681655,Net 60,46081,8144.73,Seattle
Bill,2026-01-29 00:00:00,95681652,Net 60,46081,328.37,Seattle
Bill,2026-01-29 00:00:00,95681651,Net 60,46081,27.29,Seattle
Bill,2026-01-29 00:00:00,95681741,Net 60,46081,4863.28,Seattle
Bill,2026-01-29 00:00:00,95681742,Net 60,46081,7869.05,Seattle
Bill,2026-01-29 00:00:00,95682399,Net 60,46081,243.19,Seattle
Bill,2026-01-30 00:00:00,95683257,Net 60,46082,512.01,Seattle
Bill,2026-02-02 00:00:00,95682606 X,Net 60,46085,891.79,Seattle
Bill,2026-02-02 00:00:00,95682607X,Net 60,46085,15.15,Seattle
Bill,2026-02-02 00:00:00,95682747X,Net 60,46085,492.98,Seattle
Bill,2026-02-02 00:00:00,95683144X,Net 60,46085,1043.05,Seattle
Bill,2026-02-02 00:00:00,95683342X,Net 60,46085,1051.88,Seattle
Bill,2026-02-02 00:00:00,95683303X,Net 60,46085,1559.61,Seattle
Bill,2026-02-02 00:00:00,95683460X,Net 60,46085,1373.94,Seattle
Bill,2026-02-02 00:00:00,95683422X,Net 60,46085,488.08,Seattle
Bill,2026-02-02 00:00:00,95683723X,Net 60,46085,145.48,Seattle
Bill,2026-02-02 00:00:00,95683806X,Net 60,46085,124.79,Seattle
Bill,2026-02-02 00:00:00,95683805X,Net 60,46085,84.11,Seattle
Bill,2026-02-02 00:00:00,95683956X,Net 60,46085,994.25,Seattle
Bill,2026-02-02 00:00:00,95683928X,Net 60,46085,45888.3,Seattle
Bill,2026-02-02 00:00:00,95684128X,Net 60,46085,283.38,Seattle
Bill,2026-02-02 00:00:00,95684129X,Net 60,46085,521.99,Seattle
Bill,2026-02-02 00:00:00,95684150X,Net 60,46085,739.65,Seattle
Bill,2026-02-02 00:00:00,95684274X,Net 60,46085,78.68,Seattle
Bill,2026-02-02 00:00:00,95684459X,Net 60,46085,146.9,Seattle
Bill,2026-02-02 00:00:00,95684557X,Net 60,46085,1326.61,Seattle
Bill,2026-02-02 00:00:00,95684809,Net 60,46085,1023.47,Seattle
Bill,2026-02-02 00:00:00,95684808,Net 60,46085,4074.24,Seattle
Bill,2026-02-02 00:00:00,95684810,Net 60,46085,4212.3,Seattle
Bill,2026-02-02 00:00:00,95684843,Net 60,46085,1683.15,Seattle
Bill,2026-02-02 00:00:00,95685330,Net 60,46085,252.79,Seattle
Bill,2026-02-02 00:00:00,95685447,Net 60,46085,515.21,Seattle
Bill,2026-02-02 00:00:00,95685104,Net 60,46085,1333.16,Seattle
Bill,2026-02-02 00:00:00,95685827,Net 60,46085,1113.15,Seattle
Bill,2026-02-02 00:00:00,95685770,Net 60,46085,701.77,Seattle
Bill,2026-02-02 00:00:00,95685690,Net 60,46085,817.17,Seattle
Bill,2026-02-02 00:00:00,95685687,Net 60,46085,6838.81,Seattle
Bill,2026-02-02 00:00:00,95685467,Net 60,46085,454.31,Seattle
Bill,2026-02-02 00:00:00,95685033,Net 60,46085,55.2,Seattle
Bill,2026-02-02 00:00:00,95685692,Net 60,46085,852.14,Seattle
Bill,2026-02-02 00:00:00,95685888,Net 60,46085,18074.44,Seattle
Bill,2026-02-02 00:00:00,95685944,Net 60,46085,7066.08,Seattle
Bill,2026-02-03 00:00:00,95686201,Net 60,46086,2232.46,Seattle
Bill,2026-02-03 00:00:00,95635945,Net 60,46086,329.01,Seattle
Bill,2026-02-03 00:00:00,95685879,Net 60,46086,358.56,Seattle
Bill,2026-02-03 00:00:00,95685887,Net 60,46086,1022.94,Seattle
Bill,2026-02-03 00:00:00,95685906,Net 60,46086,56.64,Seattle
Bill,2026-02-03 00:00:00,95687037,Net 60,46086,2147.55,Seattle
Bill,2026-02-03 00:00:00,95687229,Net 60,46086,162.7,Seattle
Bill,2026-02-03 00:00:00,95687099,Net 60,46086,5647.25,Seattle
Bill,2026-02-03 00:00:00,95687038,Net 60,46086,521.59,Seattle
Bill,2026-02-03 00:00:00,95687272,Net 60,46086,181.35,Seattle
Bill,2026-02-03 00:00:00,95687445,Net 60,46086,44001.17,Seattle
Bill,2026-02-04 00:00:00,95687592,Net 60,46087,3101.15,Seattle
Bill,2026-02-04 00:00:00,95687591,Net 60,46087,313.02,Seattle
Bill,2026-02-04 00:00:00,95687807,Net 60,46087,2685.64,Seattle
Bill,2026-02-04 00:00:00,95687671,Net 60,46087,4892.18,Seattle
Bill,2026-02-04 00:00:00,95687880,Net 60,46087,621.15,Seattle
Bill,2026-02-04 00:00:00,95688074,Net 60,46087,159.94,Seattle
Bill,2026-02-04 00:00:00,95688290,Net 60,46087,406.29,Seattle
Bill,2026-02-04 00:00:00,95688379,Net 60,46087,599.68,Seattle
Bill,2026-02-04 00:00:00,95688354,Net 60,46087,1042.62,Seattle
Bill,2026-02-04 00:00:00,95688424,Net 60,46087,3013,Seattle
Bill,2026-02-04 00:00:00,95688549,Net 60,46087,2852.51,Seattle
Bill,2026-02-04 00:00:00,95688706,Net 60,46087,48.57,Seattle
Bill,2026-02-04 00:00:00,95688603,Net 60,46087,1151.35,Seattle
Bill,2026-02-04 00:00:00,95688825,Net 60,46087,3101.35,Seattle
Bill,2026-02-04 00:00:00,95688842,Net 60,46087,215.43,Seattle
Bill,2026-02-05 00:00:00,95689715,Net 60,46088,3883.79,Seattle
Bill,2026-02-05 00:00:00,95689007,Net 60,46088,2254.55,Seattle
Bill,2026-02-05 00:00:00,95689372,Net 60,46088,5957.59,Seattle
Bill,2026-02-05 00:00:00,95689595,Net 60,46088,2323.37,Seattle
Bill,2026-02-05 00:00:00,95689669,Net 60,46088,118.07,Seattle
Bill,2026-02-05 00:00:00,95688950,Net 60,46088,6929.88,Seattle
Bill,2026-02-05 00:00:00,95689933,Net 60,46088,423.03,Seattle
Bill,2026-02-05 00:00:00,95690102,Net 60,46088,957.16,Seattle
Bill,2026-02-05 00:00:00,95690052,Net 60,46088,15633.74,Seattle
Bill,2026-02-05 00:00:00,95690054,Net 60,46088,228.69,Seattle
Bill,2026-02-05 00:00:00,95690053,Net 60,46088,13120.71,Seattle
Bill,2026-02-05 00:00:00,95689971,Net 60,46088,3287.34,Seattle
Bill,2026-02-05 00:00:00,95690206,Net 60,46088,172.12,Seattle
Bill,2026-02-06 00:00:00,95683143 X,Net 60,46089,2104.23,Seattle
Bill,2026-02-06 00:00:00,95685059 X,Net 60,46089,25839.12,Seattle
Bill,2026-02-06 00:00:00,95690483,Net 60,46089,2687.73,Seattle
Bill,2026-02-06 00:00:00,95690696,Net 60,46089,2607.36,Seattle
Bill,2026-02-06 00:00:00,95690773,Net 60,46089,613.26,Seattle
Bill,2026-02-06 00:00:00,95690899,Net 60,46089,593.32,Seattle
Bill,2026-02-06 00:00:00,95690972,Net 60,46089,3567.18,Seattle
Bill,2026-02-06 00:00:00,95691066,Net 60,46089,227.33,Seattle
Bill,2026-02-06 00:00:00,95691081,Net 60,46089,513.18,Seattle
Bill,2026-02-06 00:00:00,95691170,Net 60,46089,494.12,Seattle
Bill,2026-02-06 00:00:00,95691228,Net 60,46089,6589.44,Seattle
Bill,2026-02-06 00:00:00,95691272,Net 60,46089,801.41,Seattle
Bill,2026-02-07 00:00:00,95691702,Net 60,46090,339.48,Seattle
Bill,2026-02-09 00:00:00,95677486 X,Net 60,46092,2840.1,Seattle
Bill,2026-02-09 00:00:00,95691969,Net 60,46092,5612.05,Seattle
Bill,2026-02-09 00:00:00,95692614,Net 60,46092,493.72,Seattle
Bill,2026-02-09 00:00:00,95692932,Net 60,46092,136.46,Seattle
Bill,2026-02-09 00:00:00,95692934,Net 60,46092,193.71,Seattle
Bill,2026-02-09 00:00:00,956952935,Net 60,46092,982.65,Seattle
Bill,2026-02-09 00:00:00,95692978,Net 60,46092,1711.08,Seattle
Bill,2026-02-09 00:00:00,95693160,Net 60,46092,211.75,Seattle
Bill,2026-02-10 00:00:00,95693421,Net 60,46093,1382.78,Seattle
Bill,2026-02-10 00:00:00,95693245,Net 60,46093,556.14,Seattle
Bill,2026-02-10 00:00:00,95693353,Net 60,46093,623.57,Seattle
Bill,2026-02-10 00:00:00,95693552,Net 60,46093,83474.04,Seattle
Bill,2026-02-10 00:00:00,95693558,Net 60,46093,2132.5,Seattle
Bill,2026-02-10 00:00:00,95694015,Net 60,46093,2463.79,Seattle
Bill,2026-02-10 00:00:00,95694218,Net 60,46093,2896.83,Seattle
Bill,2026-02-10 00:00:00,95694339,Net 60,46093,1015.57,Seattle
Bill,2026-02-10 00:00:00,95694338,Net 60,46093,1251.08,Seattle
Bill,2026-02-10 00:00:00,95694394,Net 60,46093,568.11,Seattle
Bill,2026-02-10 00:00:00,95694525,Net 60,46093,382.47,Seattle
Bill,2026-02-10 00:00:00,95694523,Net 60,46093,143.83,Seattle
Bill,2026-02-10 00:00:00,95694522,Net 60,46093,281.81,Seattle
Bill,2026-02-10 00:00:00,95694562,Net 60,46093,111.9,Seattle
Bill,2026-02-10 00:00:00,95694536,Net 60,46093,849.03,Seattle
Bill,2026-02-10 00:00:00,95694567,Net 60,46093,880.35,Seattle
Bill,2026-02-10 00:00:00,95694524,Net 60,46093,278.46,Seattle
Bill,2026-02-10 00:00:00,95694749,Net 60,46093,28463.28,Seattle
Bill,2026-02-10 00:00:00,95694654,Net 60,46093,172.12,Seattle
Bill,2026-02-10 00:00:00,95694688,Net 60,46093,339.22,Seattle
Bill,2026-02-10 00:00:00,95694594,Net 60,46093,336.04,Seattle
Bill,2026-02-10 00:00:00,95694454,Net 60,46093,571.74,Seattle
Bill,2026-02-10 00:00:00,95694313,Net 60,46093,139.23,Seattle
Bill,2026-02-10 00:00:00,95694751,Net 60,46093,55822.61,Seattle
Bill,2026-02-10 00:00:00,95693419,Net 60,46093,12586.92,Seattle
Bill,2026-02-10 00:00:00,95694610,Net 60,46093,428.19,Seattle
Bill,2026-02-11 00:00:00,95694981,Net 60,46094,852.91,Seattle
Bill,2026-02-11 00:00:00,95694983,Net 60,46094,910.18,Seattle
Bill,2026-02-11 00:00:00,95695371,Net 60,46094,4427.02,Seattle
Bill,2026-02-11 00:00:00,95695370,Net 60,46094,639.92,Seattle
Bill,2026-02-11 00:00:00,95695551,Net 60,46094,130.5,Seattle
Bill,2026-02-11 00:00:00,95695329,Net 60,46094,692.39,Seattle
Bill,2026-02-11 00:00:00,95695575,Net 60,46094,6788.74,Seattle
Bill,2026-02-11 00:00:00,95695493,Net 60,46094,137.18,Seattle
Bill,2026-02-11 00:00:00,95695576,Net 60,46094,1427.34,Seattle
Bill,2026-02-11 00:00:00,95695731,Net 60,46094,899.68,Seattle
Bill,2026-02-11 00:00:00,95695732,Net 60,46094,979,Seattle
Bill,2026-02-11 00:00:00,95695191,Net 60,46094,26576.34,Seattle
Bill,2026-02-11 00:00:00,95696140,Net 60,46094,320.32,Seattle
Bill,2026-02-11 00:00:00,95696212,Net 60,46094,512.77,Seattle
Bill,2026-02-11 00:00:00,95695948,Net 60,46094,179.28,Seattle
Bill,2026-02-11 00:00:00,95696051,Net 60,46094,140.15,Seattle
Bill,2026-02-11 00:00:00,95696315,Net 60,46094,102.17,Seattle
Bill,2026-02-11 00:00:00,95696192,Net 60,46094,1139.84,Seattle
Bill,2026-02-11 00:00:00,95695949,Net 60,46094,24.56,Seattle
Bill,2026-02-12 00:00:00,95696460,Net 60,46095,1654.08,Seattle
Bill,2026-02-12 00:00:00,95696529,Net 60,46095,1062.41,Seattle
Bill,2026-02-12 00:00:00,95696625,Net 60,46095,810,Seattle
Bill,2026-02-12 00:00:00,95697656,Net 60,46095,30777.78,Seattle
Bill,2026-02-12 00:00:00,95697655,Net 60,46095,626.98,Seattle
Bill,2026-02-12 00:00:00,95697676,Net 60,46095,534.22,Seattle
Bill,2026-02-12 00:00:00,95697728,Net 60,46095,126.16,Seattle
Bill,2026-02-12 00:00:00,95697451,Net 60,46095,80.82,Seattle
Bill,2026-02-12 00:00:00,95697579,Net 60,46095,1224.28,Seattle
Bill,2026-02-12 00:00:00,95697345,Net 60,46095,2292.99,Seattle
Bill,2026-02-13 00:00:00,95698820,Net 60,46096,3036.73,Seattle
Bill,2026-02-13 00:00:00,95698821,Net 60,46096,1607.49,Seattle
Bill,2026-02-13 00:00:00,95698788,Net 60,46096,1683.84,Seattle
Bill,2026-02-13 00:00:00,95698721,Net 60,46096,476.92,Seattle
Bill,2026-02-13 00:00:00,95698002,Net 60,46096,214.36,Seattle
Bill,2026-02-13 00:00:00,95698001,Net 60,46096,3053.11,Seattle
Bill,2026-02-13 00:00:00,95698000,Net 60,46096,5808.76,Seattle
Bill,2026-02-13 00:00:00,95698926,Net 60,46096,271.33,Seattle
Bill,2026-02-13 00:00:00,95698928,Net 60,46096,288.53,Seattle
Bill,2026-02-13 00:00:00,95699029,Net 60,46096,1356.73,Seattle
Bill,2026-02-13 00:00:00,95698957,Net 60,46096,707.16,Seattle
Bill,2026-02-13 00:00:00,95699113,Net 60,46096,765.44,Seattle
Bill,2026-02-13 00:00:00,95699182,Net 60,46096,238.06,Seattle
Bill,2026-02-13 00:00:00,95699028,Net 60,46096,11368.44,Seattle
Bill,2026-02-13 00:00:00,95698929,Net 60,46096,939.52,Seattle
Bill,2026-02-16 00:00:00,95673713 X,Net 60,46099,113.32,Seattle
Bill,2026-02-16 00:00:00,95699442,Net 60,46099,1328.92,Seattle
Bill,2026-02-16 00:00:00,95699443,Net 60,46099,4800.99,Seattle
Bill,2026-02-16 00:00:00,95699511,Net 60,46099,5454.11,Seattle
Bill,2026-02-16 00:00:00,95699444,Net 60,46099,2860.72,Seattle
Bill,2026-02-16 00:00:00,95699512,Net 60,46099,2936.65,Seattle
Bill,2026-02-16 00:00:00,95699632,Net 60,46099,356.09,Seattle
Bill,2026-02-16 00:00:00,95699701,Net 60,46099,526.08,Seattle
Bill,2026-02-16 00:00:00,95699881,Net 60,46099,654.32,Seattle
Bill,2026-02-16 00:00:00,95699810,Net 60,46099,619.75,Seattle
Bill,2026-02-16 00:00:00,95699955,Net 60,46099,464.75,Seattle
Bill,2026-02-16 00:00:00,95700497,Net 60,46099,321.63,Seattle
Bill,2026-02-16 00:00:00,95700498,Net 60,46099,89.93,Seattle
Bill,2026-02-16 00:00:00,95700500,Net 60,46099,296.3,Seattle
Bill,2026-02-16 00:00:00,95700551,Net 60,46099,1229.37,Seattle
Bill,2026-02-16 00:00:00,95700501,Net 60,46099,104.51,Seattle
Bill,2026-02-16 00:00:00,95700499,Net 60,46099,2234.26,Seattle
Bill,2026-02-16 00:00:00,95700521,Net 60,46099,928.32,Seattle
Bill,2026-02-17 00:00:00,95700960,Net 60,46100,73.8,Seattle
Bill,2026-02-17 00:00:00,95700925,Net 60,46100,12140.31,Seattle
Bill,2026-02-17 00:00:00,95701130,Net 60,46100,1782.99,Seattle
Bill,2026-02-17 00:00:00,95700267,Net 60,46100,250,Seattle
Bill,2026-02-17 00:00:00,95701201,Net 60,46100,2311.82,Seattle
Bill,2026-02-17 00:00:00,95701516,Net 60,46100,3736.09,Seattle
Bill,2026-02-17 00:00:00,95701723,Net 60,46100,3664.12,Seattle
Bill,2026-02-17 00:00:00,95701823,Net 60,46100,2000.35,Seattle
Bill,2026-02-17 00:00:00,95701843,Net 60,46100,2253.93,Seattle
Bill,2026-02-17 00:00:00,95701927,Net 60,46100,136.98,Seattle
Bill,2026-02-17 00:00:00,95701722,Net 60,46100,2049.84,Seattle
Bill,2026-02-17 00:00:00,95701926,Net 60,46100,1119.54,Seattle
Bill,2026-02-18 00:00:00,95702322,Net 60,46101,4370.17,Seattle
Bill,2026-02-18 00:00:00,95702250,Net 60,46101,19252.8,Seattle
Bill,2026-02-18 00:00:00,95702251,Net 60,46101,190.82,Seattle
Bill,2026-02-18 00:00:00,95703534,Net 60,46101,242.83,Seattle
Bill,2026-02-18 00:00:00,95703555,Net 60,46101,377.16,Seattle
Bill,2026-02-18 00:00:00,95703654,Net 60,46101,575.08,Seattle
Bill,2026-02-18 00:00:00,95703510,Net 60,46101,3735.9,Seattle
Bill,2026-02-18 00:00:00,95703512,Net 60,46101,175.21,Seattle
Bill,2026-02-19 00:00:00,95703829,Net 60,46102,3028.3,Seattle
Bill,2026-02-19 00:00:00,95703834,Net 60,46102,307.25,Seattle
Bill,2026-02-19 00:00:00,95703835,Net 60,46102,89.04,Seattle
Bill,2026-02-19 00:00:00,95703832,Net 60,46102,857.75,Seattle
Bill,2026-02-19 00:00:00,95703899,Net 60,46102,476.79,Seattle
Bill,2026-02-19 00:00:00,95704311,Net 60,46102,1580.36,Seattle
Bill,2026-02-19 00:00:00,95704297,Net 60,46102,4803.19,Seattle
Bill,2026-02-19 00:00:00,95704459,Net 60,46102,84.85,Seattle
Bill,2026-02-19 00:00:00,95704695,Net 60,46102,334.72,Seattle
Bill,2026-02-19 00:00:00,95704863,Net 60,46102,3105.07,Seattle
Bill,2026-02-19 00:00:00,95704864,Net 60,46102,675.44,Seattle
Bill,2026-02-19 00:00:00,95704865,Net 60,46102,1123.1,Seattle
Bill,2026-02-19 00:00:00,95704861,Net 60,46102,1780.43,Seattle
Bill,2026-02-19 00:00:00,95704862,Net 60,46102,3544.32,Seattle
Bill,2026-02-20 00:00:00,95705293,Net 60,46103,5788.24,Seattle
Bill,2026-02-20 00:00:00,95705294,Net 60,46103,11579.24,Seattle
Bill,2026-02-20 00:00:00,95705297,Net 60,46103,60.96,Seattle
Bill,2026-02-20 00:00:00,95705296,Net 60,46103,653.08,Seattle
Bill,2026-02-20 00:00:00,95705381,Net 60,46103,428.29,Seattle
Bill,2026-02-20 00:00:00,95705735,Net 60,46103,890.85,Seattle
Bill,2026-02-20 00:00:00,95705869,Net 60,46103,13190.89,Seattle
Bill,2026-02-20 00:00:00,95705767,Net 60,46103,819.22,Seattle
Bill,2026-02-20 00:00:00,95705965,Net 60,46103,871.88,Seattle
Bill,2026-02-20 00:00:00,95705982,Net 60,46103,7397.79,Seattle
Bill,2026-02-20 00:00:00,95706072,Net 60,46103,462.87,Seattle
Bill,2026-02-20 00:00:00,95706161,Net 60,46103,1735.49,Seattle
Bill,2026-02-20 00:00:00,95706073,Net 60,46103,183.42,Seattle
Bill,2026-02-21 00:00:00,95706403,Net 60,46104,1734.42,Seattle
Bill,2026-02-23 00:00:00,95706660,Net 60,46106,1201.4,Seattle
Bill,2026-02-23 00:00:00,9570663,Net 60,46106,905.97,Seattle
Bill,2026-02-23 00:00:00,95706662,Net 60,46106,4527.87,Seattle
Bill,2026-02-23 00:00:00,95706658,Net 60,46106,8998.87,Seattle
Bill,2026-02-23 00:00:00,95706659,Net 60,46106,2931.27,Seattle
Bill,2026-02-23 00:00:00,95706661,Net 60,46106,441.48,Seattle
Bill,2026-02-23 00:00:00,95706938,Net 60,46106,1869.92,Seattle
Bill,2026-02-23 00:00:00,95707154,Net 60,46106,10910.68,Seattle
Bill,2026-02-23 00:00:00,95706972,Net 60,46106,1141.59,Seattle
Bill,2026-02-23 00:00:00,95707369,Net 60,46106,3422.85,Seattle
Bill,2026-02-23 00:00:00,95707529,Net 60,46106,2232.02,Seattle
Bill,2026-02-23 00:00:00,95707562,Net 60,46106,3618.5,Seattle
Bill,2026-02-23 00:00:00,95707561,Net 60,46106,822.92,Seattle
Bill,2026-02-23 00:00:00,95707930,Net 60,46106,2566.69,Seattle
Bill,2026-02-23 00:00:00,95707977,Net 60,46106,616.7,Seattle
Bill,2026-02-24 00:00:00,95708118,Net 60,46107,2034.03,Seattle
Bill,2026-02-24 00:00:00,95708117,Net 60,46107,4987.56,Seattle
Bill,2026-02-24 00:00:00,95708515,Net 60,46107,102.05,Seattle
Bill,2026-02-24 00:00:00,95708514,Net 60,46107,657.15,Seattle
Bill,2026-02-24 00:00:00,95709072,Net 60,46107,235.45,Seattle
Bill,2026-02-25 00:00:00,95709576,Net 60,46108,11308.87,Seattle
Bill,2026-02-25 00:00:00,95709653,Net 60,46108,1336.27,Seattle
Bill,2026-02-25 00:00:00,95709655,Net 60,46108,1256.66,Seattle
Bill,2026-02-25 00:00:00,9570967,Net 60,46108,483.02,Seattle
Bill,2026-02-25 00:00:00,95710016,Net 60,46108,3446.1,Seattle
Bill,2026-02-25 00:00:00,95710295,Net 60,46108,293.85,Seattle
Bill,2026-02-25 00:00:00,95710425,Net 60,46108,409.08,Seattle
Bill,2026-02-25 00:00:00,95710426,Net 60,46108,128.48,Seattle
Bill,2026-02-25 00:00:00,95710229,Net 60,46108,7165.26,Seattle
Bill,2026-02-25 00:00:00,95710648,Net 60,46108,3581.7,Seattle
Bill,2026-02-25 00:00:00,95710605,Net 60,46108,272.03,Seattle
Bill,2026-02-25 00:00:00,95710604,Net 60,46108,468.7,Seattle
Bill,2026-02-25 00:00:00,95710566,Net 60,46108,423.66,Seattle
Bill,2026-02-25 00:00:00,95710776,Net 60,46108,3203.29,Seattle
Bill,2026-02-25 00:00:00,95710715,Net 60,46108,3356.7,Seattle
Bill,2026-02-25 00:00:00,95710765,Net 60,46108,282.79,Seattle
Bill,2026-02-26 00:00:00,957110068,Net 60,46109,624.99,Seattle
Bill,2026-02-26 00:00:00,95711069,Net 60,46109,223.26,Seattle
Bill,2026-02-26 00:00:00,95711070,Net 60,46109,164.98,Seattle
Bill,2026-02-26 00:00:00,95711296,Net 60,46109,680.29,Seattle
Bill,2026-02-26 00:00:00,95711706,Net 60,46109,23054.22,Seattle
Bill,2026-02-26 00:00:00,95712212,Net 60,46109,1051.4,Seattle
Bill,2026-02-26 00:00:00,95712306,Net 60,46109,734.23,Seattle
Bill,2026-02-26 00:00:00,95712308,Net 60,46109,734.23,Seattle
Bill,2026-02-26 00:00:00,95712211,Net 60,46109,267.77,Seattle
Bill,2026-02-26 00:00:00,95712381,Net 60,46109,28.51,Seattle
Bill,2026-02-26 00:00:00,95712307,Net 60,46109,734.23,Seattle
Bill,2026-02-26 00:00:00,95712305,Net 60,46109,1331.22,Seattle
Bill,2026-02-26 00:00:00,95712380,Net 60,46109,201.65,Seattle
Bill,2026-02-26 00:00:00,95712226,Net 60,46109,1715.51,Seattle
Bill,2026-02-26 00:00:00,95712557,Net 60,46109,431.1,Seattle
Bill,2026-02-27 00:00:00,95712695,Net 60,46110,2080.97,Seattle
Bill,2026-02-27 00:00:00,95713151,Net 60,46110,487.62,Seattle
Bill,2026-02-27 00:00:00,95713363,Net 60,46110,12460.71,Seattle
Bill,2026-02-27 00:00:00,95713364,Net 60,46110,102.05,Seattle
Bill,2026-02-27 00:00:00,95713427,Net 60,46110,407.92,Seattle
Bill,2025-12-30 00:00:00,95650212,Net 60,46051,2635.35,Seattle
Bill,2025-12-30 00:00:00,95652728,Net 60,46051,2515.75,Seattle
Bill,2025-12-30 00:00:00,95653026,Net 60,46051,1654.79,Seattle
Bill,2025-12-30 00:00:00,95652973,Net 60,46051,4917.7,Seattle
Bill,2025-12-30 00:00:00,95652974,Net 60,46051,4203.96,Seattle
Bill,2025-12-30 00:00:00,95653029,Net 60,46051,1558.27,Seattle
Bill,2025-12-30 00:00:00,95653121,Net 60,46051,2564.02,Seattle
Bill,2025-12-30 00:00:00,95653710,Net 60,46051,1055.32,Seattle
Bill,2025-12-30 00:00:00,95654367,Net 60,46051,1796.15,Seattle
Bill,2025-12-30 00:00:00,95654054,Net 60,46051,1259.81,Seattle
Bill,2025-12-30 00:00:00,95654690,Net 60,46051,1223.15,Seattle
Bill,2025-12-31 00:00:00,95633745,Net 60,46052,4261.7,Seattle
Bill,2025-12-31 00:00:00,95652170,Net 60,46052,8458.54,Seattle
Bill,2025-12-31 00:00:00,95654738,Net 60,46052,19989.28,Seattle
Bill,2025-12-31 00:00:00,95654940,Net 60,46052,1186,Seattle
Bill,2025-12-31 00:00:00,95655254,Net 60,46052,7106.02,Seattle
Bill,2025-12-31 00:00:00,95655407,Net 60,46052,1091.36,Seattle
Bill,2026-01-02 00:00:00,95655801,Net 60,46054,81.57,Seattle
Bill,2026-01-05 00:00:00,95656292,Net 60,46057,1882,Seattle
Bill,2026-01-05 00:00:00,95655933,Net 60,46057,11990.3,Seattle
Bill,2026-01-05 00:00:00,95656378,Net 60,46057,1803.57,Seattle
Bill,2026-01-05 00:00:00,95656334,Net 60,46057,606.91,Seattle
Bill,2026-01-05 00:00:00,95656410,Net 60,46057,186.37,Seattle
Bill,2026-01-05 00:00:00,95655660 X,Net 60,46057,3764.7,Seattle
Bill,2026-01-05 00:00:00,95656783,Net 60,46057,103.07,Seattle
Bill,2026-01-05 00:00:00,95656926,Net 60,46057,2597.03,Seattle
Bill,2026-01-05 00:00:00,95657295,Net 60,46057,156.84,Seattle
Bill,2026-01-05 00:00:00,95657094,Net 60,46057,435.01,Seattle
Bill,2026-01-05 00:00:00,95657365,Net 60,46057,39141.52,Seattle
Bill,2026-01-05 00:00:00,95657364,Net 60,46057,67506.68,Seattle
Bill,2026-01-05 00:00:00,95654316 X,Net 60,46057,361.77,Seattle
Bill,2026-01-06 00:00:00,95657586,Net 60,46058,739.27,Seattle
Bill,2026-01-06 00:00:00,95657968,Net 60,46058,235.72,Seattle
Bill,2026-01-06 00:00:00,95657938,Net 60,46058,372.37,Seattle
Bill,2026-01-06 00:00:00,95657939,Net 60,46058,1774.4,Seattle
Bill,2026-01-06 00:00:00,95658076,Net 60,46058,294.01,Seattle
Bill,2026-01-06 00:00:00,95658018,Net 60,46058,764.68,Seattle
Bill,2026-01-07 00:00:00,95658447,Net 60,46059,3135.03,Seattle
Bill,2026-01-07 00:00:00,95658645,Net 60,46059,78.68,Seattle
Bill,2026-01-07 00:00:00,95658839,Net 60,46059,367.01,Seattle
Bill,2026-01-07 00:00:00,95658982,Net 60,46059,147.33,Seattle
Bill,2026-01-07 00:00:00,95658870,Net 60,46059,305.26,Seattle
Bill,2026-01-07 00:00:00,95658869,Net 60,46059,578.28,Seattle
Bill,2026-01-07 00:00:00,95658838,Net 60,46059,35.87,Seattle
Bill,2026-01-07 00:00:00,95659176,Net 60,46059,3717.53,Seattle
Bill,2026-01-07 00:00:00,95659242,Net 60,46059,286.81,Seattle
Bill,2026-01-07 00:00:00,95659241,Net 60,46059,1282.52,Seattle
Bill,2026-01-07 00:00:00,95659343,Net 60,46059,401.88,Seattle
Bill,2026-01-07 00:00:00,95659050,Net 60,46059,3044.15,Seattle
Bill,2026-01-07 00:00:00,95659745,Net 60,46059,589.38,Seattle
Bill,2026-01-07 00:00:00,95659503,Net 60,46059,31.16,Seattle
Bill,2026-01-08 00:00:00,95660072,Net 60,46060,1190.04,Seattle
Bill,2026-01-08 00:00:00,95660109,Net 60,46060,449.36,Seattle
Bill,2026-01-08 00:00:00,95660145,Net 60,46060,1216.19,Seattle
Bill,2026-01-08 00:00:00,95660142,Net 60,46060,191.86,Seattle
Bill,2026-01-08 00:00:00,95660141,Net 60,46060,1162.62,Seattle
Bill,2026-01-08 00:00:00,95660196,Net 60,46060,87887.57,Seattle
Bill,2026-01-08 00:00:00,95660256,Net 60,46060,939.94,Seattle
Bill,2026-01-08 00:00:00,95660298,Net 60,46060,254.99,Seattle
Bill,2026-01-08 00:00:00,95660515,Net 60,46060,1684.08,Seattle
Bill,2026-01-08 00:00:00,95660675,Net 60,46060,3150.97,Seattle
Bill,2026-01-08 00:00:00,95660768,Net 60,46060,10459.47,Seattle
Bill,2026-01-09 00:00:00,95660722,Net 60,46061,1449.06,Seattle
Bill,2026-01-09 00:00:00,95660925,Net 60,46061,9717.32,Seattle
Bill,2026-01-09 00:00:00,95660980,Net 60,46061,5033.95,Seattle
Bill,2026-01-09 00:00:00,95661189,Net 60,46061,2030.82,Seattle
Bill,2026-01-09 00:00:00,95659298,Net 60,46061,435.01,Seattle
Bill,2026-01-09 00:00:00,95661427,Net 60,46061,8973.24,Seattle
Bill,2026-01-09 00:00:00,95661428,Net 60,46061,5414.16,Seattle
Bill,2026-01-09 00:00:00,95661430,Net 60,46061,927.9,Seattle
Bill,2026-01-09 00:00:00,95661654,Net 60,46061,1535.02,Seattle
Bill,2026-01-09 00:00:00,95661592,Net 60,46061,1950.72,Seattle
Bill,2026-01-09 00:00:00,95661668,Net 60,46061,753.72,Seattle
Bill,2026-01-09 00:00:00,95662226,Net 60,46061,518.38,Seattle
Bill,2026-01-09 00:00:00,95662241,Net 60,46061,428.29,Seattle
Bill,2026-01-09 00:00:00,95662318,Net 60,46061,409.08,Seattle
Bill,2026-01-09 00:00:00,95662511,Net 60,46061,1408.92,Seattle
Bill,2026-01-09 00:00:00,95662854,Net 60,46061,2256.43,Seattle
Bill,2026-01-09 00:00:00,95662745,Net 60,46061,232.32,Seattle
Bill,2026-01-09 00:00:00,95662884,Net 60,46061,3650.39,Seattle
Bill,2026-01-09 00:00:00,95662992,Net 60,46061,1389.12,Seattle
Bill,2026-01-09 00:00:00,95663089,Net 60,46061,4670.75,Seattle
Bill,2026-01-09 00:00:00,95662950,Net 60,46061,11242.72,Seattle
Bill,2026-01-09 00:00:00,95663156,Net 60,46061,1273.16,Seattle
Bill,2026-01-09 00:00:00,95663090,Net 60,46061,149.22,Seattle
Bill,2026-01-12 00:00:00,95663404,Net 60,46064,1007.9,Seattle
Bill,2026-01-12 00:00:00,95663405,Net 60,46064,4634.04,Seattle
Bill,2026-01-12 00:00:00,95663915,Net 60,46064,1097.5,Seattle
Bill,2026-01-12 00:00:00,95663993,Net 60,46064,5202.4,Seattle
Bill,2026-01-12 00:00:00,95664059,Net 60,46064,1484.37,Seattle
Bill,2026-01-12 00:00:00,95664058,Net 60,46064,1548.18,Seattle
Bill,2026-01-12 00:00:00,95663834,Net 60,46064,471.14,Seattle
Bill,2026-01-12 00:00:00,95664151,Net 60,46064,2573.86,Seattle
Bill,2026-01-12 00:00:00,95664152,Net 60,46064,958.36,Seattle
Bill,2026-01-12 00:00:00,95664487,Net 60,46064,7800.68,Seattle
Bill,2026-01-12 00:00:00,95664265,Net 60,46064,2322.63,Seattle
Bill,2026-01-12 00:00:00,95664264,Net 60,46064,1787.28,Seattle
Bill,2026-01-12 00:00:00,95664327,Net 60,46064,1770.74,Seattle
Bill,2026-01-12 00:00:00,95664407,Net 60,46064,250,Seattle
Bill,2026-01-13 00:00:00,95664689,Net 60,46065,749.32,Seattle
Bill,2026-01-13 00:00:00,95664746,Net 60,46065,3946.82,Seattle
Bill,2026-01-13 00:00:00,95665003,Net 60,46065,2084.94,Seattle
Bill,2026-01-13 00:00:00,95665242,Net 60,46065,430.22,Seattle
Bill,2026-01-13 00:00:00,95661429,Net 60,46065,4116.12,Seattle
Bill,2026-01-13 00:00:00,95665293,Net 60,46065,6892.02,Seattle
Bill,2026-01-13 00:00:00,95665424,Net 60,46065,1797.02,Seattle
Bill,2026-01-13 00:00:00,95665504,Net 60,46065,702.39,Seattle
Bill,2026-01-13 00:00:00,95665613,Net 60,46065,175.21,Seattle
Bill,2026-01-13 00:00:00,95665668,Net 60,46065,3699.39,Seattle
Bill,2026-01-13 00:00:00,95665713,Net 60,46065,114.08,Seattle
Bill,2026-01-13 00:00:00,95665661,Net 60,46065,81.73,Seattle
Bill,2026-01-13 00:00:00,95665793,Net 60,46065,92.98,Seattle
Bill,2026-01-13 00:00:00,95665791,Net 60,46065,187.5,Seattle
Bill,2026-01-14 00:00:00,95662456,Net 60,46066,178.86,Seattle
Bill,2026-01-14 00:00:00,95662456_1,Net 60,46066,178.86,Seattle
Bill,2026-01-14 00:00:00,95666113,Net 60,46066,3375.97,Seattle
Bill,2026-01-14 00:00:00,95666182,Net 60,46066,235.53,Seattle
Bill,2026-01-14 00:00:00,95666183,Net 60,46066,370.02,Seattle
Bill,2026-01-14 00:00:00,95666434,Net 60,46066,197.34,Seattle
Bill,2026-01-14 00:00:00,95666640,Net 60,46066,360.11,Seattle
Bill,2026-01-14 00:00:00,95666563,Net 60,46066,3288.88,Seattle
Bill,2026-01-14 00:00:00,95666623,Net 60,46066,554.54,Seattle
Bill,2026-01-14 00:00:00,95666669,Net 60,46066,165.46,Seattle
Bill,2026-01-14 00:00:00,95666759,Net 60,46066,62.09,Seattle
Bill,2026-01-14 00:00:00,95666933,Net 60,46066,1457.86,Seattle
Bill,2026-01-14 00:00:00,95666932,Net 60,46066,35934.11,Seattle
Bill,2026-01-14 00:00:00,95667080,Net 60,46066,4105.98,Seattle
Bill,2026-01-14 00:00:00,95666934,Net 60,46066,3733.06,Seattle
Bill,2026-01-14 00:00:00,95666732_1,Net 60,46066,2088.88,Seattle
Bill,2026-01-14 00:00:00,95666719,Net 60,46066,108.67,Seattle
Bill,2026-01-15 00:00:00,95667645,Net 60,46067,239.39,Seattle
Bill,2026-01-15 00:00:00,95667644,Net 60,46067,5755.83,Seattle
Bill,2026-01-15 00:00:00,95667647,Net 60,46067,1443.12,Seattle
Bill,2026-01-15 00:00:00,95668602,Net 60,46067,251.75,Seattle
Bill,2026-01-15 00:00:00,95668209,Net 60,46067,3842.56,Seattle
Bill,2026-01-15 00:00:00,95667796,Net 60,46067,2650.4,Seattle
Bill,2026-01-15 00:00:00,95667868,Net 60,46067,696.52,Seattle
Bill,2026-01-15 00:00:00,95667797,Net 60,46067,10757.25,Seattle
Bill,2026-01-15 00:00:00,95668104,Net 60,46067,276.39,Seattle
Bill,2026-01-15 00:00:00,95668208,Net 60,46067,2940.44,Seattle
Bill,2026-01-15 00:00:00,95668210,Net 60,46067,5556.36,Seattle
Bill,2026-01-15 00:00:00,95667953,Net 60,46067,533.52,Seattle
Bill,2026-01-16 00:00:00,95669657,Net 60,46068,4681.22,Seattle
Bill,2026-01-16 00:00:00,95669534,Net 60,46068,739.27,Seattle
Bill,2026-01-16 00:00:00,95669455,Net 60,46068,73.57,Seattle
Bill,2026-01-16 00:00:00,95669148,Net 60,46068,306.67,Seattle
Bill,2026-01-16 00:00:00,95669337,Net 60,46068,504.32,Seattle
Bill,2026-01-16 00:00:00,95669355,Net 60,46068,1145.76,Seattle
Bill,2026-01-16 00:00:00,95669256,Net 60,46068,68.29,Seattle
Bill,2026-01-16 00:00:00,95669226,Net 60,46068,400.81,Seattle
Bill,2026-01-16 00:00:00,95668945,Net 60,46068,904.66,Seattle
Bill,2026-01-16 00:00:00,9566960,Net 60,46068,4684.3,Seattle
Bill,2026-01-16 00:00:00,95669629,Net 60,46068,1047.28,Seattle
Bill,2026-01-16 00:00:00,95669599,Net 60,46068,394.67,Seattle
Bill,2026-01-16 00:00:00,95669490,Net 60,46068,2524.07,Seattle
Bill,2026-01-16 00:00:00,95668875,Net 60,46068,380.61,Seattle
Bill,2026-01-16 00:00:00,95668874,Net 60,46068,3175.08,Seattle
Bill,2026-01-16 00:00:00,95669703,Net 60,46068,1198.21,Seattle
Bill,2026-01-16 00:00:00,95669863,Net 60,46068,94.59,Seattle
Bill,2026-01-16 00:00:00,95669864,Net 60,46068,607.25,Seattle
Bill,2026-01-16 00:00:00,95669900,Net 60,46068,457.37,Seattle
Bill,2026-01-16 00:00:00,95668985,Net 60,46068,1139.71,Seattle
Bill,2026-01-16 00:00:00,95669533,Net 60,46068,250,Seattle
Bill,2026-01-17 00:00:00,95670069,Net 60,46069,126.19,Seattle
Bill,2026-01-19 00:00:00,95670249,Net 60,46071,987.57,Seattle
Bill,2026-01-19 00:00:00,95670323,Net 60,46071,746.06,Seattle
Bill,2026-01-19 00:00:00,95670452,Net 60,46071,4667.1,Seattle
Bill,2026-01-19 00:00:00,95670698,Net 60,46071,175.47,Seattle
Bill,2026-01-19 00:00:00,95670807,Net 60,46071,600.75,Seattle
Bill,2026-01-19 00:00:00,95670842,Net 60,46071,458.31,Seattle
Bill,2026-01-19 00:00:00,95670810,Net 60,46071,131.21,Seattle
Bill,2026-01-19 00:00:00,95670808,Net 60,46071,904.42,Seattle
Bill,2026-01-19 00:00:00,95670937,Net 60,46071,892.13,Seattle
Bill,2026-01-19 00:00:00,95670936,Net 60,46071,2185.85,Seattle
Bill,2026-01-19 00:00:00,95671203,Net 60,46071,599.95,Seattle
Bill,2026-01-19 00:00:00,95671204,Net 60,46071,12562.89,Seattle
Bill,2026-01-19 00:00:00,95671119,Net 60,46071,15677.03,Seattle
Bill,2026-01-20 00:00:00,95671530,Net 60,46072,1379.32,Seattle
Bill,2026-01-20 00:00:00,95671529,Net 60,46072,484.93,Seattle
Bill,2026-01-20 00:00:00,95671792,Net 60,46072,236.06,Seattle
Bill,2026-01-20 00:00:00,95672079,Net 60,46072,915.56,Seattle
Bill,2026-01-20 00:00:00,95672164,Net 60,46072,456.76,Seattle
Bill,2026-01-20 00:00:00,95672252,Net 60,46072,2064.14,Seattle
Bill,2026-01-20 00:00:00,95672338,Net 60,46072,2468.6,Seattle
Bill,2026-01-20 00:00:00,95672620,Net 60,46072,1628.33,Seattle
Bill,2026-01-20 00:00:00,95672610,Net 60,46072,250,Seattle
Bill,2026-01-20 00:00:00,95672535,Net 60,46072,56.09,Seattle
Bill,2026-01-20 00:00:00,95672659,Net 60,46072,684.51,Seattle
Bill,2026-01-21 00:00:00,95672966,Net 60,46073,629.4,Seattle
Bill,2026-01-21 00:00:00,95673204,Net 60,46073,548.71,Seattle
Bill,2026-01-21 00:00:00,95673401,Net 60,46073,1292.02,Seattle
Bill,2026-01-21 00:00:00,95673477,Net 60,46073,7684.46,Seattle
Bill,2026-01-21 00:00:00,95673476,Net 60,46073,1176.52,Seattle
Bill,2026-01-21 00:00:00,95673478,Net 60,46073,2637.18,Seattle
Bill,2026-01-21 00:00:00,95673549,Net 60,46073,5597.6,Seattle
Bill,2026-01-21 00:00:00,95673673,Net 60,46073,467.35,Seattle
Bill,2026-01-21 00:00:00,95673550,Net 60,46073,9927.1,Seattle
Bill,2026-01-21 00:00:00,95674170,Net 60,46073,3869.5,Seattle
Bill,2026-01-21 00:00:00,95674257,Net 60,46073,789.32,Seattle
Bill,2026-01-21 00:00:00,95674244,Net 60,46073,2190.76,Seattle
Bill,2026-01-21 00:00:00,95674358,Net 60,46073,7588.13,Seattle
Bill,2026-01-21 00:00:00,95674245,Net 60,46073,474.86,Seattle
Bill,2026-01-21 00:00:00,95674158,Net 60,46073,6665.12,Seattle
Bill,2026-01-22 00:00:00,95674705,Net 60,46074,892.37,Seattle
Bill,2026-01-22 00:00:00,95675184,Net 60,46074,48.84,Seattle
Bill,2026-01-22 00:00:00,95674974,Net 60,46074,368.24,Seattle
Bill,2026-01-22 00:00:00,95674653,Net 60,46074,2585.16,Seattle
Bill,2026-01-22 00:00:00,95674554,Net 60,46074,6098.79,Seattle
Bill,2026-01-22 00:00:00,95675601,Net 60,46074,928.46,Seattle
Bill,2026-01-22 00:00:00,95675662,Net 60,46074,133.45,Seattle
Bill,2026-01-22 00:00:00,95675795,Net 60,46074,1815.28,Seattle
Bill,2026-01-22 00:00:00,95675611,Net 60,46074,419.3,Seattle
Bill,2026-01-22 00:00:00,95675677,Net 60,46074,183.26,Seattle
Bill,2026-01-22 00:00:00,95675676,Net 60,46074,4092.64,Seattle
Bill,2026-01-22 00:00:00,95675743,Net 60,46074,1356.78,Seattle
Bill,2026-01-22 00:00:00,95675716,Net 60,46074,177.97,Seattle
Bill,2026-01-22 00:00:00,95675094,Net 60,46074,540.25,Seattle
Bill,2026-01-22 00:00:00,95675209,Net 60,46074,183.19,Seattle
Bill,2026-01-22 00:00:00,95675093,Net 60,46074,3804.55,Seattle
Bill,2026-01-22 00:00:00,95675276,Net 60,46074,302.94,Seattle
Bill,2026-01-22 00:00:00,95675067,Net 60,46074,1348.53,Seattle
Bill,2026-01-22 00:00:00,95674652,Net 60,46074,941.95,Seattle
Bill,2026-01-23 00:00:00,95676211,Net 60,46075,1113.48,Seattle
Bill,2026-01-23 00:00:00,95676181,Net 60,46075,1924.55,Seattle
Bill,2026-01-23 00:00:00,95676302,Net 60,46075,608.52,Seattle
Bill,2026-01-23 00:00:00,95676312,Net 60,46075,2934.77,Seattle
Bill,2026-01-23 00:00:00,95676634,Net 60,46075,986.48,Seattle
Bill,2026-01-23 00:00:00,95676509,Net 60,46075,250.05,Seattle
Bill,2026-01-23 00:00:00,95676730,Net 60,46075,1568.85,Seattle
Bill,2026-01-23 00:00:00,95676711,Net 60,46075,1404.1,Seattle
Bill,2026-01-23 00:00:00,95676796,Net 60,46075,4806.62,Seattle
Bill,2026-01-23 00:00:00,95677029,Net 60,46075,791.2,Seattle
Bill,2026-01-23 00:00:00,95677042,Net 60,46075,53.15,Seattle
Bill,2026-01-23 00:00:00,95677181,Net 60,46075,278.62,Seattle
Bill,2026-01-23 00:00:00,95677205,Net 60,46075,595.23,Seattle
Bill,2026-01-23 00:00:00,95677218,Net 60,46075,1061.62,Seattle
Bill,2026-01-23 00:00:00,95677204,Net 60,46075,3013.64,Seattle
Bill,2026-01-26 00:00:00,95678045,Net 60,46078,895.96,Seattle
Bill,2026-01-26 00:00:00,95678076,Net 60,46078,6731.19,Seattle
Bill,2026-01-26 00:00:00,95678046,Net 60,46078,282.47,Seattle
Bill,2026-01-26 00:00:00,95678149,Net 60,46078,1095.74,Seattle
Bill,2026-01-26 00:00:00,95678148,Net 60,46078,262.5,Seattle
Bill,2026-01-26 00:00:00,95678150,Net 60,46078,3051.79,Seattle
Bill,2026-01-26 00:00:00,95678246,Net 60,46078,235.09,Seattle
Bill,2026-01-27 00:00:00,95678516,Net 60,46079,2226.81,Seattle
Bill,2026-01-27 00:00:00,95678515,Net 60,46079,563.81,Seattle
Bill,2026-01-27 00:00:00,95678517,Net 60,46079,2831.49,Seattle
Bill,2026-01-27 00:00:00,95678514,Net 60,46079,125.21,Seattle
Bill,2026-01-27 00:00:00,95678614,Net 60,46079,5360.24,Seattle
Bill,2026-01-27 00:00:00,95678518,Net 60,46079,376.33,Seattle
Bill,2026-01-27 00:00:00,95678615,Net 60,46079,678.74,Seattle
Bill,2026-01-27 00:00:00,95678612,Net 60,46079,1615.92,Seattle
Bill,2026-01-27 00:00:00,95678872,Net 60,46079,59.01,Seattle
Bill,2026-01-27 00:00:00,95679026,Net 60,46079,733.08,Seattle
Bill,2026-01-27 00:00:00,95679009,Net 60,46079,119.1,Seattle
Bill,2026-01-27 00:00:00,95679297,Net 60,46079,238.52,Seattle
Bill,2026-01-27 00:00:00,95679394,Net 60,46079,2160.98,Seattle
Bill,2026-01-27 00:00:00,95679540,Net 60,46079,435.6,Seattle
Bill,2026-01-27 00:00:00,95679518,Net 60,46079,439.55,Seattle
Bill,2026-01-27 00:00:00,95679572,Net 60,46079,301.96,Seattle
Bill,2026-01-27 00:00:00,95679759,Net 60,46079,559.27,Seattle
Bill,2026-01-27 00:00:00,95679739,Net 60,46079,329.01,Seattle
Bill,2026-01-27 00:00:00,95679617,Net 60,46079,253.66,Seattle
Bill,2026-01-27 00:00:00,95679571,Net 60,46079,152.05,Seattle
Bill,2026-01-27 00:00:00,95679569,Net 60,46079,291.65,Seattle
Bill,2026-01-27 00:00:00,95679570,Net 60,46079,86.55,Seattle
Bill,2026-01-28 00:00:00,95680132,Net 60,46080,1960.04,Seattle
Bill,2026-01-28 00:00:00,95680199,Net 60,46080,216.01,Seattle
Bill,2026-01-28 00:00:00,95680432,Net 60,46080,298.49,Seattle
Bill,2026-01-28 00:00:00,95680622,Net 60,46080,1241.99,Seattle
Bill,2026-01-28 00:00:00,95680956,Net 60,46080,5327.35,Seattle
Bill,2026-01-28 00:00:00,95680994,Net 60,46080,2724.13,Seattle
Bill,2026-01-28 00:00:00,95681152,Net 60,46080,3493.67,Seattle
Bill,2026-01-28 00:00:00,95681074,Net 60,46080,2998.14,Seattle
Bill,2026-01-28 00:00:00,95681075,Net 60,46080,4871.76,Seattle
Bill,2026-01-28 00:00:00,95681340,Net 60,46080,577.42,Seattle
Bill,2026-01-28 00:00:00,95681306,Net 60,46080,995.29,Seattle
Bill,2026-01-28 00:00:00,95681341,Net 60,46080,434.28,Seattle
Bill,2026-01-28 00:00:00,95681362,Net 60,46080,15837.07,Seattle
Bill,2026-01-28 00:00:00,95681413,Net 60,46080,9467.63,Seattle
Bill,2026-01-28 00:00:00,95681255,Net 60,46080,871.84,Seattle
Bill,2026-02-18 00:00:00,ICOm0103245,Net 30,46101,51355.61,Seattle
Bill,2026-02-24 00:00:00,ICOM0103491,Net 30,46107,133.56,Seattle
Bill,2026-02-26 00:00:00,ICOM0103557,Net 30,46109,612,Seattle
Bill,2026-02-26 00:00:00,ICOM0103575,Net 30,46109,378.75,Seattle
Bill,2026-02-16 00:00:00,CI-0000654609,Net 30,46099,132.03,Seattle
Bill,2026-02-02 00:00:00,481878X,1% 30 NET 45,46100,1143.29,Seattle
Bill,2026-02-03 00:00:00,482676,1% 30 NET 45,46101,362.7,Seattle
Bill,2026-02-04 00:00:00,482911,1% 30 NET 45,46102,143.79,Seattle
Bill,2026-02-05 00:00:00,483216,1% 30 NET 45,46103,222.39,Seattle
Bill,2026-02-06 00:00:00,483458,1% 30 NET 45,46104,6598.88,Seattle
Bill,2026-02-09 00:00:00,484088,1% 30 NET 45,46107,296,Seattle
Bill,2026-02-10 00:00:00,484550,1% 30 NET 45,46108,151.52,Seattle
Bill,2026-02-11 00:00:00,485015,1% 30 NET 45,46109,125.26,Seattle
Bill,2026-02-11 00:00:00,485016,1% 30 NET 45,46109,554.22,Seattle
Bill,2026-02-14 00:00:00,486081,1% 30 NET 45,46112,1208.04,Seattle
Bill,2026-02-17 00:00:00,478280 X,1% 30 NET 45,46115,123.19,Seattle
Bill,2026-02-17 00:00:00,486891,1% 30 NET 45,46115,340.84,Seattle
Bill,2026-02-26 00:00:00,489301,1% 30 NET 45,46124,99.68,Seattle
Bill,2026-01-20 00:00:00,479455,1% 30 NET 45,46087,807.82,Seattle
Bill,2026-01-22 00:00:00,480124,1% 30 NET 45,46089,12844.12,Seattle
Bill,2026-01-28 00:00:00,481454,1% 30 NET 45,46095,5727.38,Seattle
Bill,2026-01-28 00:00:00,481455,1% 30 NET 45,46095,1116.88,Seattle
Bill,2026-02-02 00:00:00,052357X,Net 30,46085,369,Seattle
Bill,2026-01-30 00:00:00,95683254,Net 30,46082,257.1,Seattle
Bill,2026-01-30 00:00:00,95683253,Net 30,46082,624.57,Seattle
Bill,2026-02-02 00:00:00,95684581X,Net 60,46115,74.51,Seattle
Bill,2026-02-02 00:00:00,95684582X,Net 60,46115,4506.96,Seattle
Bill,2026-02-02 00:00:00,9568483X,Net 30,46085,236.25,Seattle
Bill,2026-02-05 00:00:00,95689039,Net 30,46088,713.47,Seattle
Bill,2026-02-07 00:00:00,95691704,Net 30,46090,309.6,Seattle
Bill,2026-02-07 00:00:00,95691705,Net 30,46090,1184.93,Seattle
Bill,2026-02-07 00:00:00,95691706,Net 30,46090,197.04,Seattle
Bill,2026-02-11 00:00:00,95695093,Net 30,46094,1335.04,Seattle
Bill,2026-02-11 00:00:00,95695091,Net 30,46094,542.98,Seattle
Bill,2026-02-11 00:00:00,95695092,Net 30,46094,1025.13,Seattle
Bill,2026-02-12 00:00:00,95696574,Net 30,46095,7197.32,Seattle
Bill,2026-02-13 00:00:00,95698159,Net 30,46096,709.95,Seattle
Bill,2026-02-13 00:00:00,95698160,Net 30,46096,807.83,Seattle
Bill,2026-02-13 00:00:00,95698152,Net 30,46096,2903.33,Seattle
Bill,2026-02-13 00:00:00,95698155,Net 30,46096,88.11,Seattle
Bill,2026-02-13 00:00:00,95698153,Net 30,46096,2621.62,Seattle
Bill,2026-02-13 00:00:00,95698154,Net 30,46096,155.95,Seattle
Bill,2026-02-17 00:00:00,95700959,Net 30,46100,90.54,Seattle
Bill,2026-02-17 00:00:00,95700961,Net 30,46100,129.92,Seattle
Bill,2026-02-18 00:00:00,95702370,Net 30,46101,50,Seattle
Bill,2026-02-19 00:00:00,95703963,Net 30,46102,114.8,Seattle
Bill,2026-02-19 00:00:00,95703961,Net 30,46102,13563.06,Seattle
Bill,2026-02-20 00:00:00,95705442,Net 30,46103,1144.85,Seattle
Bill,2026-02-20 00:00:00,95705440,Net 30,46103,47770.79,Seattle
Bill,2026-02-20 00:00:00,95705441,Net 30,46103,3492.93,Seattle
Bill,2026-02-20 00:00:00,95705444,Net 30,46103,2063,Seattle
Bill,2026-02-21 00:00:00,95706455,Net 30,46104,3231.49,Seattle
Bill,2026-02-21 00:00:00,95706452,Net 30,46104,248.87,Seattle
Bill,2026-02-21 00:00:00,95706456,Net 30,46104,2058.37,Seattle
Bill,2026-02-21 00:00:00,95706453,Net 30,46104,39.71,Seattle
Bill,2026-02-24 00:00:00,95708231,Net 30,46107,64.48,Seattle
Bill,2026-02-25 00:00:00,95709699,Net 30,46108,202.15,Seattle
Bill,2026-02-26 00:00:00,95711217,Net 30,46109,3556.8,Seattle
Bill,2026-02-26 00:00:00,95711216,Net 30,46109,6683.3,Seattle
Bill,2026-02-26 00:00:00,95711451,Net 30,46109,558.45,Seattle
Bill,2026-02-27 00:00:00,95712819,Net 30,46110,5810.77,Seattle
Bill,2026-02-27 00:00:00,95712821,Net 30,46110,735.73,Seattle
Bill,2026-01-08 00:00:00,95660882,Net 30,46060,2685.04,Seattle
Bill,2026-01-13 00:00:00,95664780,Net 30,46065,117.83,Seattle
Bill,2026-01-14 00:00:00,95666233,Net 30,46066,90.97,Seattle
Bill,2026-01-14 00:00:00,95666232,Net 30,46066,55.18,Seattle
Bill,2026-01-16 00:00:00,95670092,Net 30,46068,50,Seattle
Bill,2026-01-22 00:00:00,95674704,Net 30,46074,698.05,Seattle
Bill,2026-01-23 00:00:00,95676212,Net 30,46075,844.8,Seattle
Bill,2026-01-23 00:00:00,95676213,Net 30,46075,1415.81,Seattle
Bill,2026-01-23 00:00:00,95676210,Net 30,46075,2513.16,Seattle
Bill,2026-01-24 00:00:00,956772297,Net 30,46076,375.52,Seattle
Bill,2026-01-24 00:00:00,95677298,Net 30,46076,758.53,Seattle
Bill,2026-01-28 00:00:00,95680247,Net 30,46080,268.59,Seattle
Bill,2026-02-02 00:00:00,91852004X,Net 30,46085,2532.82,Seattle
Bill,2026-02-05 00:00:00,91854332,Net 30,46088,268.88,Seattle
Bill,2026-02-12 00:00:00,91817565 X,Net 30,46095,11766,Seattle
Bill,2026-02-13 00:00:00,91858370,1.5%15N30,46096,3744.78,Seattle
Bill,2026-02-13 00:00:00,91858419,1.5%15N30,46096,2737.34,Seattle
Bill,2026-02-17 00:00:00,91859160,1.5%15N30,46100,416.72,Seattle
Bill,2026-02-18 00:00:00,91860145,1.5%15N30,46101,158.01,Seattle
Bill,2026-02-01 00:00:00,9000103422,1% 30 NET 45,46099,3.5,Seattle
Bill,2026-02-10 00:00:00,9000111089,1% 30 NET 45,46108,27634.82,Seattle
Bill,2026-02-12 00:00:00,9000114358,1% 30 NET 45,46110,71.25,Seattle
Bill,2026-02-14 00:00:00,9000116341,1% 30 NET 45,46112,350.58,Seattle
Bill,2026-02-15 00:00:00,9000116730,1% 30 NET 45,46113,206.52,Seattle
Bill,2026-02-19 00:00:00,9000110770,1% 30 NET 45,46117,10511.89,Seattle
Bill,2026-02-25 00:00:00,9000125855,1% 30 NET 45,46123,7672.4,Seattle
Bill,2026-01-19 00:00:00,9000088433,1% 30 NET 45,46086,1769.46,Seattle
Bill,2026-01-21 00:00:00,9000090722,1% 30 NET 45,46088,14973,Seattle
Bill,2026-01-21 00:00:00,9000090724,1% 30 NET 45,46088,2190.78,Seattle
Bill,2026-02-26 00:00:00,51831,Net 30,46109,517.7,Seattle
Bill,2026-02-17 00:00:00,358072,Net 30,46100,1159.84,Seattle
Bill,2026-02-23 00:00:00,358318,Net 30,46106,5476.75,Seattle
Bill,2026-02-23 00:00:00,358327,Net 30,46106,10570,Seattle
Bill,2026-02-23 00:00:00,358323,Net 30,46106,6883,Seattle
Bill,2026-02-19 00:00:00,EP69995,Net 30,46102,1828.55,Seattle
Bill,2026-02-04 00:00:00,91185199,Net 30,46087,509.72,Seattle
Bill,2026-02-23 00:00:00,91188988,Net 30,46106,181.05,Seattle
Bill,2026-02-28 00:00:00,9147-BACKCHRG,,46091,46702,Seattle
Bill,2026-02-02 00:00:00,58202X,Net 30,46085,10200,Seattle
Bill,2026-02-02 00:00:00,58212,Net 30,46085,2840,Seattle
Bill,2026-02-09 00:00:00,S12016,Net 30,46092,1885.46,Seattle
Bill,2026-02-09 00:00:00,S12018,Net 30,46092,39.5,Seattle
Bill,2025-12-15 00:00:00,S9551,Net 30,46036,61.25,Seattle
Bill,2026-01-16 00:00:00,20260086,Net 30,46068,5600,Seattle
Credit,2026-01-19 00:00:00,95634339CR,Immediate,,-13562.36,Seattle
Bill,2026-02-02 00:00:00,0168499-IN X,Net 30,46085,243.09,Seattle
Bill,2026-02-13 00:00:00,163557,Net 30,46096,1186.96,Seattle
Bill,2026-02-19 00:00:00,0168822-IN,Net 30,46102,75,Seattle
Bill,2026-02-26 00:00:00,0168950-IN,Net 30,46109,1390.47,Seattle
Bill,2026-02-11 00:00:00,36426,Net 30,46094,682,Spokane
Bill,2026-02-05 00:00:00,24409,Net 30,46088,8885,Spokane
Bill,2026-02-23 00:00:00,449624,Net 30,46106,1767.39,Spokane
Bill,2026-02-03 00:00:00,00015279; 00015294,Net 30,46086,14500,Spokane
Bill,2026-02-05 00:00:00,INV201223,Net 30,46088,2534.5,Spokane
Bill,2026-02-26 00:00:00,INV201455,Net 30,46109,5858.5,Spokane
Bill,2026-02-05 00:00:00,0465743-IN,Net 30,46088,1452.13,Spokane
Bill,2026-02-18 00:00:00,0466401-IN,Net 30,46101,677.87,Spokane
Bill,2026-02-19 00:00:00,0466466-IN,Net 30,46102,218.15,Spokane
Bill,2026-02-25 00:00:00,0466707-IN,Net 30,46108,243.85,Spokane
Bill,2026-02-18 00:00:00,74778,2% 15 Net 30,46101,1270,Spokane
Bill,2026-02-09 00:00:00,8560,Net 30,46092,6222.42,Spokane
Bill,2026-02-03 00:00:00,32103944,Net 30,46086,576,Spokane
Bill,2026-02-04 00:00:00,32105862,Net 30,46087,942,Spokane
Bill,2026-02-05 00:00:00,32106019,Net 30,46088,3097.32,Spokane
Bill,2026-02-11 00:00:00,32114577,Net 30,46094,1170,Spokane
Bill,2026-02-12 00:00:00,22545674,Net 30,46095,23331,Spokane
Bill,2026-02-23 00:00:00,32123952,Net 30,46106,1997.04,Spokane
Bill,2026-02-03 00:00:00,182448069X,Net 30,46086,10568.69,Spokane
Bill,2026-02-05 00:00:00,182644504,Net 30,46088,1256,Spokane
Bill,2026-02-26 00:00:00,810307330,Net 30,46109,2087.17,Spokane
Bill,2026-01-29 00:00:00,95681806,Net 60,46081,1474.13,Spokane
Bill,2026-01-29 00:00:00,95681805,Net 60,46081,2426.39,Spokane
Bill,2026-01-29 00:00:00,95682309,Net 60,46081,465.3,Spokane
Bill,2026-01-29 00:00:00,95682310,Net 60,46081,345.51,Spokane
Bill,2026-01-29 00:00:00,95682.58,Net 60,46081,786.03,Spokane
Bill,2026-01-29 00:00:00,95682328,Net 60,46081,171.61,Spokane
Bill,2026-01-29 00:00:00,95681653,Net 60,46081,3400.46,Spokane
Bill,2026-01-29 00:00:00,95681890,Net 60,46081,2770.78,Spokane
Bill,2026-02-02 00:00:00,96682665X,Net 60,46085,2738.63,Spokane
Bill,2026-02-02 00:00:00,95683593X,Net 60,46085,240.98,Spokane
Bill,2026-02-02 00:00:00,95683547X,Net 60,46085,3710.59,Spokane
Bill,2026-02-02 00:00:00,95683625X,Net 60,46085,2568.17,Spokane
Bill,2026-02-02 00:00:00,95683911X,Net 60,46085,1963.91,Spokane
Bill,2026-02-02 00:00:00,95683929X,Net 60,46085,697.26,Spokane
Bill,2026-02-02 00:00:00,95684023X,Net 60,46085,594.18,Spokane
Bill,2026-02-02 00:00:00,95685329,Net 60,46085,196.11,Spokane
Bill,2026-02-02 00:00:00,95685448,Net 60,46085,78.68,Spokane
Bill,2026-02-02 00:00:00,95685688,Net 60,46085,3317.34,Spokane
Bill,2026-02-02 00:00:00,95685689,Net 60,46085,3310.35,Spokane
Bill,2026-02-02 00:00:00,95684933,Net 60,46085,10218.47,Spokane
Bill,2026-02-02 00:00:00,95685691,Net 60,46085,2734.48,Spokane
Bill,2026-02-02 00:00:00,95685944_1,Net 60,46085,1949.88,Spokane
Bill,2026-02-03 00:00:00,95686823,Net 60,46086,554.85,Spokane
Bill,2026-02-03 00:00:00,95686941,Net 60,46086,2581.75,Spokane
Bill,2026-02-03 00:00:00,95686824,Net 60,46086,946.86,Spokane
Bill,2026-02-03 00:00:00,95686644,Net 60,46086,399.76,Spokane
Bill,2026-02-03 00:00:00,95686645,Net 60,46086,555.56,Spokane
Bill,2026-02-03 00:00:00,95686409,Net 60,46086,246.49,Spokane
Bill,2026-02-03 00:00:00,95686284,Net 60,46086,1743.03,Spokane
Bill,2026-02-03 00:00:00,95685769,Net 60,46086,155.54,Spokane
Bill,2026-02-03 00:00:00,95686332,Net 60,46086,868.82,Spokane
Bill,2026-02-03 00:00:00,95687059,Net 60,46086,1886.39,Spokane
Bill,2026-02-03 00:00:00,95687296,Net 60,46086,93.44,Spokane
Bill,2026-02-03 00:00:00,95687295,Net 60,46086,1472.77,Spokane
Bill,2026-02-03 00:00:00,95687416,Net 60,46086,942.96,Spokane
Bill,2026-02-03 00:00:00,95687343,Net 60,46086,454.3,Spokane
Bill,2026-02-04 00:00:00,95687806,Net 60,46087,1405.68,Spokane
Bill,2026-02-04 00:00:00,95687982,Net 60,46087,644.26,Spokane
Bill,2026-02-04 00:00:00,95688537,Net 60,46087,905.8,Spokane
Bill,2026-02-05 00:00:00,95688949,Net 60,46088,351.12,Spokane
Bill,2026-02-05 00:00:00,95689320,Net 60,46088,152.92,Spokane
Bill,2026-02-05 00:00:00,95689670,Net 60,46088,871.85,Spokane
Bill,2026-02-05 00:00:00,95689749,Net 60,46088,1546.34,Spokane
Bill,2026-02-05 00:00:00,95689888,Net 60,46088,1718.75,Spokane
Bill,2026-02-05 00:00:00,95689972,Net 60,46088,278.81,Spokane
Bill,2026-02-06 00:00:00,95690973,Net 60,46089,24.66,Spokane
Bill,2026-02-06 00:00:00,95690880,Net 60,46089,482.12,Spokane
Bill,2026-02-06 00:00:00,95691018,Net 60,46089,2745.72,Spokane
Bill,2026-02-06 00:00:00,95691065,Net 60,46089,425.75,Spokane
Bill,2026-02-06 00:00:00,95691111,Net 60,46089,1062.41,Spokane
Bill,2026-02-08 00:00:00,95691812,Net 60,46091,455.11,Spokane
Bill,2026-02-09 00:00:00,95691918,Net 60,46092,489.52,Spokane
Bill,2026-02-09 00:00:00,95691917,Net 60,46092,6097.28,Spokane
Bill,2026-02-09 00:00:00,95692117,Net 60,46092,73.97,Spokane
Bill,2026-02-09 00:00:00,95692198,Net 60,46092,503.4,Spokane
Bill,2026-02-09 00:00:00,95692672,Net 60,46092,77.68,Spokane
Bill,2026-02-09 00:00:00,95692567,Net 60,46092,1405.08,Spokane
Bill,2026-02-09 00:00:00,95692698,Net 60,46092,293.85,Spokane
Bill,2026-02-09 00:00:00,95692523,Net 60,46092,740.91,Spokane
Bill,2026-02-09 00:00:00,95692870,Net 60,46092,399.37,Spokane
Bill,2026-02-09 00:00:00,95692827,Net 60,46092,1635.07,Spokane
Bill,2026-02-09 00:00:00,95692933,Net 60,46092,183.44,Spokane
Bill,2026-02-09 00:00:00,95693161,Net 60,46092,634.12,Spokane
Bill,2026-02-10 00:00:00,95693355,Net 60,46093,245.19,Spokane
Bill,2026-02-10 00:00:00,95693354,Net 60,46093,1164.92,Spokane
Bill,2026-02-10 00:00:00,95693420,Net 60,46093,1219.12,Spokane
Bill,2026-02-10 00:00:00,95694261,Net 60,46093,581.56,Spokane
Bill,2026-02-10 00:00:00,95694521,Net 60,46093,2446.51,Spokane
Bill,2026-02-10 00:00:00,95694593,Net 60,46093,5780.5,Spokane
Bill,2026-02-10 00:00:00,95694653,Net 60,46093,1247.93,Spokane
Bill,2026-02-10 00:00:00,95694643,Net 60,46093,922.87,Spokane
Bill,2026-02-11 00:00:00,95694982,Net 60,46094,3244.34,Spokane
Bill,2026-02-11 00:00:00,95695050,Net 60,46094,187.53,Spokane
Bill,2026-02-11 00:00:00,95694980,Net 60,46094,1842.04,Spokane
Bill,2026-02-11 00:00:00,95696030,Net 60,46094,2415.96,Spokane
Bill,2026-02-11 00:00:00,95696029,Net 60,46094,4777.14,Spokane
Bill,2026-02-11 00:00:00,95696190,Net 60,46094,1286.73,Spokane
Bill,2026-02-11 00:00:00,95696031,Net 60,46094,114.06,Spokane
Bill,2026-02-11 00:00:00,95696191,Net 60,46094,221.96,Spokane
Bill,2026-02-12 00:00:00,95696462,Net 60,46095,149.24,Spokane
Bill,2026-02-12 00:00:00,95696528,Net 60,46095,15668.7,Spokane
Bill,2026-02-12 00:00:00,95696755,Net 60,46095,17937.82,Spokane
Bill,2026-02-12 00:00:00,95696789,Net 60,46095,399.76,Spokane
Bill,2026-02-12 00:00:00,95696788,Net 60,46095,464.13,Spokane
Bill,2026-02-12 00:00:00,95696866,Net 60,46095,606.49,Spokane
Bill,2026-02-12 00:00:00,95696820,Net 60,46095,1480.8,Spokane
Bill,2026-02-12 00:00:00,95697253,Net 60,46095,1213.68,Spokane
Bill,2026-02-12 00:00:00,95697499,Net 60,46095,105296.22,Spokane
Bill,2026-02-12 00:00:00,95697578,Net 60,46095,2642.02,Spokane
Bill,2026-02-12 00:00:00,95697619,Net 60,46095,911.87,Spokane
Bill,2026-02-12 00:00:00,95697694,Net 60,46095,59.43,Spokane
Bill,2026-02-12 00:00:00,95697344,Net 60,46095,784.63,Spokane
Bill,2026-02-12 00:00:00,95697394,Net 60,46095,139.26,Spokane
Bill,2026-02-13 00:00:00,95698822,Net 60,46096,158.9,Spokane
Bill,2026-02-13 00:00:00,9568927,Net 60,46096,2652.61,Spokane
Bill,2026-02-13 00:00:00,95698994,Net 60,46096,732.17,Spokane
Bill,2026-02-15 00:00:00,95699349,Net 60,46098,14841.02,Spokane
Bill,2026-02-16 00:00:00,95699606,Net 60,46099,667.18,Spokane
Bill,2026-02-16 00:00:00,95699700,Net 60,46099,6352.23,Spokane
Bill,2026-02-16 00:00:00,95699953,Net 60,46099,32.88,Spokane
Bill,2026-02-16 00:00:00,95699954,Net 60,46099,187.36,Spokane
Bill,2026-02-16 00:00:00,95700212,Net 60,46099,663.63,Spokane
Bill,2026-02-16 00:00:00,95700520,Net 60,46099,504.04,Spokane
Bill,2026-02-17 00:00:00,95701610,Net 60,46100,2034.21,Spokane
Bill,2026-02-17 00:00:00,95701636,Net 60,46100,2470.44,Spokane
Bill,2026-02-17 00:00:00,95701611,Net 60,46100,207.43,Spokane
Bill,2026-02-17 00:00:00,95701842,Net 60,46100,486.26,Spokane
Bill,2026-02-17 00:00:00,95701841,Net 60,46100,1387.11,Spokane
Bill,2026-02-18 00:00:00,95702321,Net 60,46101,3068.09,Spokane
Bill,2026-02-18 00:00:00,95702252,Net 60,46101,3720.99,Spokane
Bill,2026-02-18 00:00:00,95703024,Net 60,46101,7315.38,Spokane
Bill,2026-02-18 00:00:00,95702961,Net 60,46101,364.33,Spokane
Bill,2026-02-18 00:00:00,95703066,Net 60,46101,5717.52,Spokane
Bill,2026-02-18 00:00:00,95703089,Net 60,46101,1052.16,Spokane
Bill,2026-02-18 00:00:00,95703201,Net 60,46101,8528.62,Spokane
Bill,2026-02-18 00:00:00,95703350,Net 60,46101,7647.29,Spokane
Bill,2026-02-18 00:00:00,95703353,Net 60,46101,108.67,Spokane
Bill,2026-02-18 00:00:00,95703511,Net 60,46101,4028.1,Spokane
Bill,2026-02-19 00:00:00,95677611 X,Net 60,46102,3628.23,Spokane
Bill,2026-02-19 00:00:00,95703831,Net 60,46102,359.3,Spokane
Bill,2026-02-19 00:00:00,95703830,Net 60,46102,1724.33,Spokane
Bill,2026-02-19 00:00:00,95703898,Net 60,46102,1958.16,Spokane
Bill,2026-02-19 00:00:00,95703833,Net 60,46102,14033.41,Spokane
Bill,2026-02-19 00:00:00,95704481,Net 60,46102,231.39,Spokane
Bill,2026-02-19 00:00:00,95704860,Net 60,46102,3378.14,Spokane
Bill,2026-02-20 00:00:00,95705295,Net 60,46103,969.41,Spokane
Bill,2026-02-20 00:00:00,95705667,Net 60,46103,3183.03,Spokane
Bill,2026-02-20 00:00:00,95705964,Net 60,46103,121.2,Spokane
Bill,2026-02-20 00:00:00,95706049,Net 60,46103,1058.24,Spokane
Bill,2026-02-20 00:00:00,95706231,Net 60,46103,169.72,Spokane
Bill,2026-02-20 00:00:00,95706341,Net 60,46103,5275.02,Spokane
Bill,2026-02-20 00:00:00,95706145,Net 60,46103,7776.37,Spokane
Bill,2026-02-23 00:00:00,95707264,Net 60,46106,213.9,Spokane
Bill,2026-02-23 00:00:00,95707409,Net 60,46106,617.41,Spokane
Bill,2026-02-23 00:00:00,95707368,Net 60,46106,2355.43,Spokane
Bill,2026-02-23 00:00:00,95707560,Net 60,46106,3594.91,Spokane
Bill,2026-02-23 00:00:00,95707813,Net 60,46106,124.66,Spokane
Bill,2026-02-24 00:00:00,95708340,Net 60,46107,33832.31,Spokane
Bill,2026-02-24 00:00:00,95708738,Net 60,46107,440.78,Spokane
Bill,2026-02-24 00:00:00,95708739,Net 60,46107,230.27,Spokane
Bill,2026-02-24 00:00:00,95709027,Net 60,46107,740.45,Spokane
Bill,2026-02-24 00:00:00,95709132,Net 60,46107,1595.09,Spokane
Bill,2026-02-24 00:00:00,95709028,Net 60,46107,567.64,Spokane
Bill,2026-02-24 00:00:00,95709243,Net 60,46107,292.31,Spokane
Bill,2026-02-24 00:00:00,95709026,Net 60,46107,3172.53,Spokane
Bill,2026-02-24 00:00:00,95709133,Net 60,46107,48.86,Spokane
Bill,2026-02-25 00:00:00,95709577,Net 60,46108,1740.5,Spokane
Bill,2026-02-25 00:00:00,95709654,Net 60,46108,1268.89,Spokane
Bill,2026-02-25 00:00:00,95709656,Net 60,46108,364.85,Spokane
Bill,2026-02-25 00:00:00,95710200,Net 60,46108,9099.31,Spokane
Bill,2026-02-25 00:00:00,95710294,Net 60,46108,15466.14,Spokane
Bill,2026-02-25 00:00:00,95710137,Net 60,46108,154.91,Spokane
Bill,2026-02-25 00:00:00,95710316,Net 60,46108,1590.3,Spokane
Bill,2026-02-25 00:00:00,95710775,Net 60,46108,6446.18,Spokane
Bill,2026-02-25 00:00:00,95710926,Net 60,46108,1678.03,Spokane
Bill,2026-02-26 00:00:00,95711860,Net 60,46109,73.77,Spokane
Bill,2026-02-26 00:00:00,95712323,Net 60,46109,1259.8,Spokane
Bill,2026-02-26 00:00:00,95712309,Net 60,46109,5631.62,Spokane
Bill,2026-02-26 00:00:00,95712429,Net 60,46109,923.21,Spokane
Bill,2026-02-27 00:00:00,95712694,Net 60,46110,793.93,Spokane
Bill,2026-02-27 00:00:00,95712773,Net 60,46110,3407.73,Spokane
Bill,2026-02-27 00:00:00,95713042,Net 60,46110,1074.87,Spokane
Bill,2025-12-30 00:00:00,95653792,Net 60,46051,1106.98,Spokane
Bill,2025-12-30 00:00:00,95654177,Net 60,46051,17358.92,Spokane
Bill,2025-12-30 00:00:00,95654308,Net 60,46051,1014.17,Spokane
Bill,2025-12-31 00:00:00,95653158,Net 60,46052,23519.17,Spokane
Bill,2025-12-31 00:00:00,95641852,Net 60,46052,1969.92,Spokane
Bill,2025-12-31 00:00:00,95655317,Net 60,46052,7758.87,Spokane
Bill,2026-01-02 00:00:00,95655892,Net 60,46054,5075.22,Spokane
Bill,2026-01-02 00:00:00,95656133,Net 60,46054,514.2,Spokane
Bill,2026-01-02 00:00:00,95656093,Net 60,46054,3872.76,Spokane
Bill,2026-01-02 00:00:00,95656092,Net 60,46054,2526.33,Spokane
Bill,2026-01-02 00:00:00,95656098,Net 60,46054,64064.08,Spokane
Bill,2026-01-02 00:00:00,95656134,Net 60,46054,301.98,Spokane
Bill,2026-01-02 00:00:00,95656149,Net 60,46054,571.97,Spokane
Bill,2026-01-02 00:00:00,95656249,Net 60,46054,700.91,Spokane
Bill,2026-01-05 00:00:00,95656291,Net 60,46057,560.66,Spokane
Bill,2026-01-05 00:00:00,95656524,Net 60,46057,4061.42,Spokane
Bill,2026-01-05 00:00:00,95656523,Net 60,46057,2328.65,Spokane
Bill,2026-01-05 00:00:00,95655595,Net 60,46057,2895.9,Spokane
Bill,2026-01-05 00:00:00,95656205,Net 60,46057,3511.42,Spokane
Bill,2026-01-05 00:00:00,95656671,Net 60,46057,95.66,Spokane
Bill,2026-01-05 00:00:00,95656720,Net 60,46057,4031.4,Spokane
Bill,2026-01-06 00:00:00,95657655,Net 60,46058,59.43,Spokane
Bill,2026-01-06 00:00:00,95658005,Net 60,46058,422.82,Spokane
Bill,2026-01-07 00:00:00,95658868,Net 60,46059,2526.73,Spokane
Bill,2026-01-07 00:00:00,95659177,Net 60,46059,1064.77,Spokane
Bill,2026-01-07 00:00:00,95659342,Net 60,46059,116.27,Spokane
Bill,2026-01-07 00:00:00,95659243,Net 60,46059,4744.68,Spokane
Bill,2026-01-07 00:00:00,95659928,Net 60,46059,6872.8,Spokane
Bill,2026-01-07 00:00:00,95660011,Net 60,46059,5327.83,Spokane
Bill,2026-01-08 00:00:00,95659964,Net 60,46060,2530.57,Spokane
Bill,2026-01-09 00:00:00,95660755,Net 60,46061,5605.68,Spokane
Bill,2026-01-09 00:00:00,95660851,Net 60,46061,262.69,Spokane
Bill,2026-01-09 00:00:00,95660981,Net 60,46061,4685.54,Spokane
Bill,2026-01-09 00:00:00,95661221,Net 60,46061,531.63,Spokane
Bill,2026-01-09 00:00:00,95661258,Net 60,46061,200.5,Spokane
Bill,2026-01-09 00:00:00,95661686,Net 60,46061,6749.16,Spokane
Bill,2026-01-09 00:00:00,95662031,Net 60,46061,4230.81,Spokane
Bill,2026-01-09 00:00:00,95662674,Net 60,46061,1717.34,Spokane
Bill,2026-01-09 00:00:00,95662552,Net 60,46061,115.58,Spokane
Bill,2026-01-09 00:00:00,95662348,Net 60,46061,137.3,Spokane
Bill,2026-01-09 00:00:00,95662631,Net 60,46061,64272.68,Spokane
Bill,2026-01-09 00:00:00,95662032,Net 60,46061,1337.7,Spokane
Bill,2026-01-09 00:00:00,95662030,Net 60,46061,2170.9,Spokane
Bill,2026-01-09 00:00:00,95662062,Net 60,46061,818.05,Spokane
Bill,2026-01-09 00:00:00,95662227,Net 60,46061,467.78,Spokane
Bill,2026-01-09 00:00:00,95663088,Net 60,46061,1869.35,Spokane
Bill,2026-01-09 00:00:00,95662744,Net 60,46061,2410.24,Spokane
Bill,2026-01-09 00:00:00,95662746,Net 60,46061,7504.99,Spokane
Bill,2026-01-09 00:00:00,95662747,Net 60,46061,182.55,Spokane
Bill,2026-01-09 00:00:00,95662827,Net 60,46061,880.11,Spokane
Bill,2026-01-09 00:00:00,95663011,Net 60,46061,300,Spokane
Bill,2026-01-12 00:00:00,95663469,Net 60,46064,6716.02,Spokane
Bill,2026-01-12 00:00:00,95664072,Net 60,46064,4068.09,Spokane
Bill,2026-01-12 00:00:00,95664408,Net 60,46064,399.29,Spokane
Bill,2026-01-13 00:00:00,95664688,Net 60,46065,100.98,Spokane
Bill,2026-01-13 00:00:00,95665002,Net 60,46065,2759.01,Spokane
Bill,2026-01-13 00:00:00,95665292,Net 60,46065,887.88,Spokane
Bill,2026-01-13 00:00:00,95665294,Net 60,46065,614.75,Spokane
Bill,2026-01-13 00:00:00,9565425,Net 60,46065,467.45,Spokane
Bill,2026-01-13 00:00:00,95665426,Net 60,46065,360.11,Spokane
Bill,2026-01-14 00:00:00,95666112,Net 60,46066,2530.16,Spokane
Bill,2026-01-14 00:00:00,95666622,Net 60,46066,900.39,Spokane
Bill,2026-01-14 00:00:00,95666687,Net 60,46066,43.84,Spokane
Bill,2026-01-14 00:00:00,95666668,Net 60,46066,339.7,Spokane
Bill,2026-01-14 00:00:00,95666936,Net 60,46066,1292.08,Spokane
Bill,2026-01-14 00:00:00,95666935,Net 60,46066,5546.61,Spokane
Bill,2026-01-14 00:00:00,95667135,Net 60,46066,1001.54,Spokane
Bill,2026-01-14 00:00:00,95667079,Net 60,46066,37194.56,Spokane
Bill,2026-01-14 00:00:00,95667224,Net 60,46066,140.17,Spokane
Bill,2026-01-14 00:00:00,95667265,Net 60,46066,1776.29,Spokane
Bill,2026-01-14 00:00:00,95667269,Net 60,46066,1349.27,Spokane
Bill,2026-01-14 00:00:00,95667370,Net 60,46066,1035.22,Spokane
Bill,2026-01-14 00:00:00,95666732,Net 60,46066,11180.02,Spokane
Bill,2026-01-14 00:00:00,95667270,Net 60,46066,3791.04,Spokane
Bill,2026-01-15 00:00:00,95667641,Net 60,46067,69.31,Spokane
Bill,2026-01-15 00:00:00,95668368,Net 60,46067,3984.74,Spokane
Bill,2026-01-15 00:00:00,95668631,Net 60,46067,755.34,Spokane
Bill,2026-01-15 00:00:00,95668632,Net 60,46067,1421.56,Spokane
Bill,2026-01-15 00:00:00,95667520,Net 60,46067,608.42,Spokane
Bill,2026-01-15 00:00:00,95667739,Net 60,46067,3194.12,Spokane
Bill,2026-01-16 00:00:00,95669631,Net 60,46068,928.18,Spokane
Bill,2026-01-16 00:00:00,95669376,Net 60,46068,483.61,Spokane
Bill,2026-01-16 00:00:00,95668946,Net 60,46068,1396.97,Spokane
Bill,2026-01-16 00:00:00,956692255,Net 60,46068,361.22,Spokane
Bill,2026-01-16 00:00:00,95668367,Net 60,46068,6685.34,Spokane
Bill,2026-01-16 00:00:00,95669899,Net 60,46068,73.77,Spokane
Bill,2026-01-16 00:00:00,95670036,Net 60,46068,1235.75,Spokane
Bill,2026-01-16 00:00:00,95668987,Net 60,46068,50,Spokane
Bill,2026-01-16 00:00:00,95668986,Net 60,46068,625.68,Spokane
Bill,2026-01-19 00:00:00,95670809,Net 60,46071,231.39,Spokane
Bill,2026-01-19 00:00:00,95670935,Net 60,46071,2426.1,Spokane
Bill,2026-01-19 00:00:00,95671039,Net 60,46071,3666.65,Spokane
Bill,2026-01-19 00:00:00,95671255,Net 60,46071,450,Spokane
Bill,2026-01-19 00:00:00,95671371,Net 60,46071,892.82,Spokane
Bill,2026-01-20 00:00:00,95672047,Net 60,46072,244.75,Spokane
Bill,2026-01-20 00:00:00,95672253,Net 60,46072,1468.54,Spokane
Bill,2026-01-20 00:00:00,95672290,Net 60,46072,495.91,Spokane
Bill,2026-01-20 00:00:00,95672291,Net 60,46072,2355.74,Spokane
Bill,2026-01-20 00:00:00,95672251,Net 60,46072,1076.74,Spokane
Bill,2026-01-20 00:00:00,95672339,Net 60,46072,806.55,Spokane
Bill,2026-01-20 00:00:00,95672336,Net 60,46072,621.93,Spokane
Bill,2026-01-20 00:00:00,95672337,Net 60,46072,2085.71,Spokane
Bill,2026-01-20 00:00:00,95672437,Net 60,46072,345.06,Spokane
Bill,2026-01-20 00:00:00,95672660,Net 60,46072,518.37,Spokane
Bill,2026-01-20 00:00:00,95672661,Net 60,46072,228.69,Spokane
Bill,2026-01-20 00:00:00,95672609,Net 60,46072,384.16,Spokane
Bill,2026-01-21 00:00:00,95672967,Net 60,46073,4944.16,Spokane
Bill,2026-01-21 00:00:00,95672968,Net 60,46073,318.76,Spokane
Bill,2026-01-21 00:00:00,95673066,Net 60,46073,150.47,Spokane
Bill,2026-01-21 00:00:00,95673170,Net 60,46073,2676.31,Spokane
Bill,2026-01-21 00:00:00,95673908,Net 60,46073,389.45,Spokane
Bill,2026-01-21 00:00:00,95673907,Net 60,46073,721.33,Spokane
Bill,2026-01-22 00:00:00,95675415,Net 60,46074,1257.24,Spokane
Bill,2026-01-22 00:00:00,95675744,Net 60,46074,399.76,Spokane
Bill,2026-01-22 00:00:00,95675794,Net 60,46074,901.8,Spokane
Bill,2026-01-22 00:00:00,95675742,Net 60,46074,3461.8,Spokane
Bill,2026-01-22 00:00:00,95675602,Net 60,46074,195.58,Spokane
Bill,2026-01-22 00:00:00,95675865,Net 60,46074,5128.33,Spokane
Bill,2026-01-22 00:00:00,95674555,Net 60,46074,5668.7,Spokane
Bill,2026-01-23 00:00:00,95676635,Net 60,46075,699.58,Spokane
Bill,2026-01-23 00:00:00,95676507,Net 60,46075,967.49,Spokane
Bill,2026-01-23 00:00:00,95676508,Net 60,46075,425.83,Spokane
Bill,2026-01-23 00:00:00,95676892,Net 60,46075,257.41,Spokane
Bill,2026-01-23 00:00:00,95676910,Net 60,46075,671.76,Spokane
Bill,2026-01-23 00:00:00,95677101,Net 60,46075,140.25,Spokane
Bill,2026-01-23 00:00:00,95677132,Net 60,46075,4147.32,Spokane
Bill,2026-01-24 00:00:00,95677273,Net 60,46076,244.06,Spokane
Bill,2026-01-26 00:00:00,95653159 X,Net 60,46078,122363.55,Spokane
Bill,2026-01-26 00:00:00,95677485,Net 60,46078,4307.59,Spokane
Bill,2026-01-26 00:00:00,95677544,Net 60,46078,9612.53,Spokane
Bill,2026-01-26 00:00:00,95677545,Net 60,46078,929.88,Spokane
Bill,2026-01-26 00:00:00,95677582,Net 60,46078,9001.28,Spokane
Bill,2026-01-26 00:00:00,95678077,Net 60,46078,1063.69,Spokane
Bill,2026-01-26 00:00:00,95677829,Net 60,46078,484.91,Spokane
Bill,2026-01-26 00:00:00,95678147,Net 60,46078,669.24,Spokane
Bill,2026-01-26 00:00:00,95678259,Net 60,46078,200.81,Spokane
Bill,2026-01-26 00:00:00,95678297,Net 60,46078,355.82,Spokane
Bill,2026-01-26 00:00:00,95678335,Net 60,46078,168.73,Spokane
Bill,2026-01-26 00:00:00,95678296,Net 60,46078,206.93,Spokane
Bill,2026-01-26 00:00:00,95678173,Net 60,46078,1972.84,Spokane
Bill,2026-01-27 00:00:00,95678613,Net 60,46079,4150,Spokane
Bill,2026-01-27 00:00:00,95679247,Net 60,46079,815.74,Spokane
Bill,2026-01-27 00:00:00,95679486,Net 60,46079,134.03,Spokane
Bill,2026-01-27 00:00:00,95679592,Net 60,46079,610.62,Spokane
Bill,2026-01-28 00:00:00,95680131,Net 60,46080,410.08,Spokane
Bill,2026-01-28 00:00:00,95680305,Net 60,46080,686.23,Spokane
Bill,2026-01-28 00:00:00,95680642,Net 60,46080,928.27,Spokane
Bill,2026-01-28 00:00:00,95680641,Net 60,46080,544.06,Spokane
Bill,2026-01-28 00:00:00,95680745,Net 60,46080,166.46,Spokane
Bill,2026-02-02 00:00:00,ICOM012744,Net 30,46085,598.37,Spokane
Bill,2026-02-04 00:00:00,ICOM0102811,Net 30,46087,1394,Spokane
Bill,2026-02-06 00:00:00,ICOM0102877,Net 30,46089,765,Spokane
Bill,2026-02-09 00:00:00,ICOM0102931,Net 30,46092,231.62,Spokane
Bill,2026-02-10 00:00:00,ICOM0102968,Net 30,46093,1499.81,Spokane
Bill,2026-02-16 00:00:00,ICOM0103156,Net 30,46099,2376.15,Spokane
Bill,2026-02-17 00:00:00,ICOM0103203,Net 30,46100,150.9,Spokane
Bill,2026-02-17 00:00:00,ICOM0103208,Net 30,46100,625.37,Spokane
Bill,2026-02-24 00:00:00,ICOM0103497,Net 30,46107,585.59,Spokane
Bill,2026-02-02 00:00:00,481875X,1% 30 NET 45,46100,3585.3,Spokane
Bill,2026-02-02 00:00:00,481877X,1% 30 NET 45,46100,528.85,Spokane
Bill,2026-02-02 00:00:00,481876X,1% 30 NET 45,46100,699.87,Spokane
Bill,2026-02-05 00:00:00,483215,1% 30 NET 45,46103,1115.58,Spokane
Bill,2026-02-10 00:00:00,484549,1% 30 NET 45,46108,990.4,Spokane
Bill,2026-02-23 00:00:00,488378,1% 30 NET 45,46121,1097.81,Spokane
Bill,2026-02-25 00:00:00,489031,1% 30 NET 45,46123,553.49,Spokane
Bill,2026-01-16 00:00:00,479162,1% 30 NET 45,46083,12216.28,Spokane
Bill,2026-01-27 00:00:00,481081,1% 30 NET 45,46094,2246.14,Spokane
Bill,2026-02-02 00:00:00,95683255X,Net 30,46085,168.08,Spokane
Bill,2026-02-02 00:00:00,95684580X,Net 60,46115,2324.84,Spokane
Bill,2026-02-03 00:00:00,95686331,Net 30,46086,502.65,Spokane
Bill,2026-02-05 00:00:00,95689038,Net 30,46088,560.84,Spokane
Bill,2026-02-07 00:00:00,95691707,Net 30,46090,629.77,Spokane
Bill,2026-02-10 00:00:00,95693485,Net 30,46093,1948.97,Spokane
Bill,2026-02-13 00:00:00,95698158,Net 30,46096,142.96,Spokane
Bill,2026-02-13 00:00:00,95698156,Net 30,46096,74.51,Spokane
Bill,2026-02-13 00:00:00,95698157,Net 30,46096,1768.27,Spokane
Bill,2026-02-17 00:00:00,95701155,Net 30,46100,1034.17,Spokane
Bill,2026-02-20 00:00:00,95705443,Net 30,46103,79.42,Spokane
Bill,2026-02-21 00:00:00,95706457,Net 30,46104,1692.33,Spokane
Bill,2026-02-24 00:00:00,95708389,Net 30,46107,35266.43,Spokane
Bill,2026-02-24 00:00:00,95708851,Net 30,46107,22036.88,Spokane
Bill,2026-02-26 00:00:00,95711219,Net 30,46109,1488.53,Spokane
Bill,2026-02-26 00:00:00,95711218,Net 30,46109,193.33,Spokane
Bill,2026-01-07 00:00:00,95667642,Net 30,46059,330.48,Spokane
Bill,2026-01-17 00:00:00,95670094,Net 30,46069,1595.09,Spokane
Bill,2026-01-30 00:00:00,91852079,Net 30,46082,5438.69,Spokane
Bill,2026-02-10 00:00:00,9000111086,1% 30 NET 45,46108,3300,Spokane
Bill,2026-02-15 00:00:00,9000116728,1% 30 NET 45,46113,449.4,Spokane
Bill,2026-02-18 00:00:00,9000119767,1% 30 NET 45,46116,3260.24,Spokane
Bill,2026-01-18 00:00:00,90000087991,1% 30 NET 45,46085,9709.82,Spokane
Bill,2026-02-13 00:00:00,7671,Net 30,46096,4597.5,Spokane
Bill,2026-02-13 00:00:00,7668,Net 30,46096,16068.75,Spokane
Bill,2026-02-09 00:00:00,357785,Net 30,46092,83,Spokane
Bill,2026-02-12 00:00:00,357931,Net 30,46095,164.66,Spokane
Bill,2026-01-28 00:00:00,357293,Net 30,46080,3493.84,Spokane
Bill,2026-02-09 00:00:00,91185965,Net 30,46092,2449.31,Spokane
Bill,2026-02-10 00:00:00,91186245,Net 30,46093,2134.63,Spokane
Bill,2026-02-02 00:00:00,76963287X,Net 30,46085,796.46,Spokane
Bill,2026-02-04 00:00:00,76963591,Net 30,46087,10093.27,Spokane
Bill,2026-02-10 00:00:00,58260,Net 30,46093,1150,Spokane
Bill,2026-02-11 00:00:00,58277,Net 30,46094,1720,Spokane
Bill,2026-02-02 00:00:00,0168522-IN,Net 30,46085,3057.07,Spokane
Bill,2026-02-02 00:00:00,194253706,Net 30,46085,203.2,Seattle
Bill,2026-02-04 00:00:00,194263606,Net 30,46087,171.88,Seattle
Bill,2026-02-05 00:00:00,194253771,Net 30,46088,150.4,Seattle
Bill,2026-02-10 00:00:00,194091171,Net 30,46093,301.35,Seattle
Bill,2026-02-13 00:00:00,194093744,Net 30,46096,277.19,Seattle
Bill,2026-02-23 00:00:00,194064628,Net 30,46106,150.68,Seattle
Bill,2026-02-23 00:00:00,194093757,Net 30,46106,178.48,Seattle
Bill,2026-02-25 00:00:00,194064630,Net 30,46108,248.04,Seattle
Bill,2026-02-17 00:00:00,Pro 088721678,Net 15,46085,186.62,Seattle
Bill,2026-02-17 00:00:00,0168780-IN,Net 30,46100,73.65,Seattle
Bill,2026-02-25 00:00:00,158485,2% 10 Net 30,46108,51.01,Spokane
Bill,2026-02-17 00:00:00,95698152A,Net 30,46100,242.63,Spokane
Bill,2026-01-31 00:00:00,0168523-IN X,Net 30,46083,368.25,Spokane
Bill,2026-02-13 00:00:00,0168736-IN,Net 30,46096,236,Spokane
Bill,2026-02-11 00:00:00,204072134,Net 30,46094,1674.98,Seattle
Bill,2026-02-16 00:00:00,204233049,Net 30,46099,2390.66,Seattle
Bill,2026-02-10 00:00:00,1132996149,Net 30,46093,154.16,Seattle
Bill,2026-02-28 00:00:00,CL1208054,Net 30,46111,608.89,Seattle
Bill,2026-02-16 00:00:00,CL1201911,Net 30,46099,461.94,Seattle
Bill,2026-01-31 00:00:00,CL1196167,Net 30,46083,720.51,Spokane
Bill,2026-02-28 00:00:00,BA205016293:01,Net 30,46111,443.94,Seattle
Bill,2026-01-31 00:00:00,BA205016129:01,Net 30,46083,443.94,Seattle
Bill,2026-02-06 00:00:00,200310,Net 30,46089,3938,Seattle
Bill,2026-02-06 00:00:00,200472,Net 30,46089,565.11,Seattle
Bill,2026-02-06 00:00:00,200495,Net 30,46089,413.46,Seattle
Bill,2026-02-06 00:00:00,200503,Net 30,46089,358.74,Seattle
Bill,2026-02-03 00:00:00,INV552464,Net 30,46086,62.73,Seattle
Bill,2026-02-09 00:00:00,INV552746,Net 30,46092,63.65,Seattle
Credit,2025-05-29 00:00:00,Broan RMA 655,Immediate,,-28773.12,Seattle
