0,1,2,3,4,5
PartyNumber,PartyName,Address,City,State,Amount
P-1001,Acme Corp 1,1 Main St,City1,State1,1175.71
P-1002,Acme Corp 2,2 Main St,City2,State2,255.88
P-1003,Acme Corp 3,3 Main St,City3,State3,2357.3
P-1004,Acme Corp 4,4 Main St,City4,State4,2891.34
P-1005,Acme Corp 5,5 Main St,City5,State0,377.63
P-1006,Acme Corp 6,6 Main St,City6,State1,2084.78
P-1007,Acme Corp 7,7 Main St,City7,State2,2345.95
P-1008,Acme Corp 8,8 Main St,City8,State3,1584.62
P-1009,Acme Corp 9,9 Main St,City9,State4,4331.67
P-1010,Acme Corp 10,10 Main St,City10,State0,4441.22
P-1011,Acme Corp 11,11 Main St,City11,State1,3918.41
P-1012,Acme Corp 12,12 Main St,City12,State2,3063.37
P-1013,Acme Corp 13,13 Main St,City13,State3,2832.21
P-1014,Acme Corp 14,14 Main St,City14,State4,1456.78
P-1015,Acme Corp 15,15 Main St,City15,State0,3886.31
P-1016,Acme Corp 16,16 Main St,City16,State1,4915.01
P-1017,Acme Corp 17,17 Main St,City17,State2,3507.54
P-1018,Acme Corp 18,18 Main St,City18,State3,3083.7
P-1019,Acme Corp 19,19 Main St,City19,State4,713.15
P-1020,Acme Corp 20,20 Main St,City0,State0,1879.58
P-1021,Acme Corp 21,21 Main St,City1,State1,2106.64
P-1022,Acme Corp 22,22 Main St,City2,State2,4606.3
P-1023,Acme Corp 23,23 Main St,City3,State3,3497.94
P-1024,Acme Corp 24,24 Main St,City4,State4,4417.25
P-1025,Acme Corp 25,25 Main St,City5,State0,4630.92
P-1026,Acme Corp 26,26 Main St,City6,State1,4571.33
P-1027,Acme Corp 27,27 Main St,City7,State2,1965.46
P-1028,Acme Corp 28,28 Main St,City8,State3,1190.46
P-1029,Acme Corp 29,29 Main St,City9,State4,4068.4
P-1030,Acme Corp 30,30 Main St,City10,State0,3308.15
P-1031,Acme Corp 31,31 Main St,City11,State1,2028.46
P-1032,Acme Corp 32,32 Main St,City12,State2,1630.98
P-1033,Acme Corp 33,33 Main St,City13,State3,4709.42
P-1034,Acme Corp 34,34 Main St,City14,State4,918.44
P-1035,Acme Corp 35,35 Main St,City15,State0,2322.54
P-1036,Acme Corp 36,36 Main St,City16,State1,4724.01
P-1037,Acme Corp 37,37 Main St,City17,State2,4626.77
P-1038,Acme Corp 38,38 Main St,City18,State3,4020.38
P-1039,Acme Corp 39,39 Main St,City19,State4,1618.01
P-1040,Acme Corp 40,40 Main St,City0,State0,3377.43
P-1041,Acme Corp 41,41 Main St,City1,State1,2140.27
P-1042,Acme Corp 42,42 Main St,City2,State2,2197.11
P-1043,Acme Corp 43,43 Main St,City3,State3,1083.23
P-1044,Acme Corp 44,44 Main St,City4,State4,2337.15
P-1045,Acme Corp 45,45 Main St,City5,State0,1678.22
P-1046,Acme Corp 46,46 Main St,City6,State1,2131.25
P-1047,Acme Corp 47,47 Main St,City7,State2,2672.68
P-1048,Acme Corp 48,48 Main St,City8,State3,1477.41
P-1049,Acme Corp 49,49 Main St,City9,State4,2668.4
P-1050,Acme Corp 50,50 Main St,City10,State0,2315.3
P-1051,Acme Corp 51,51 Main St,City11,State1,2709.4
P-1052,Acme Corp 52,52 Main St,City12,State2,1203.79
P-1053,Acme Corp 53,53 Main St,City13,State3,3040.26
P-1054,Acme Corp 54,54 Main St,City14,State4,267.68
P-1055,Acme Corp 55,55 Main St,City15,State0,2149.35
P-1056,Acme Corp 56,56 Main St,City16,State1,3633.27
P-1057,Acme Corp 57,57 Main St,City17,State2,3743.15
P-1058,Acme Corp 58,58 Main St,City18,State3,3643.36
P-1059,Acme Corp 59,59 Main St,City19,State4,178.2
P-1060,Acme Corp 60,60 Main St,City0,State0,2585.06
P-1061,Acme Corp 61,61 Main St,City1,State1,4990.37
P-1062,Acme Corp 62,62 Main St,City2,State2,1263.13
P-1063,Acme Corp 63,63 Main St,City3,State3,212.41
P-1064,Acme Corp 64,64 Main St,City4,State4,4555.15
P-1065,Acme Corp 65,65 Main St,City5,State0,701.63
P-1066,Acme Corp 66,66 Main St,City6,State1,372.83
P-1067,Acme Corp 67,67 Main St,City7,State2,4733.73
P-1068,Acme Corp 68,68 Main St,City8,State3,2250.31
P-1069,Acme Corp 69,69 Main St,City9,State4,418.94
P-1070,Acme Corp 70,70 Main St,City10,State0,3152.99
P-1071,Acme Corp 71,71 Main St,City11,State1,1395.93
P-1072,Acme Corp 72,72 Main St,City12,State2,603.96
P-1073,Acme Corp 73,73 Main St,City13,State3,4322.22
P-1074,Acme Corp 74,74 Main St,City14,State4,348.62
P-1075,Acme Corp 75,75 Main St,City15,State0,3375.55
P-1076,Acme Corp 76,76 Main St,City16,State1,1859.47
P-1077,Acme Corp 77,77 Main St,City17,State2,4793.0
P-1078,Acme Corp 78,78 Main St,City18,State3,3137.53
P-1079,Acme Corp 79,79 Main St,City19,State4,2636.83
P-1080,Acme Corp 80,80 Main St,City0,State0,3685.0
P-1081,Acme Corp 81,81 Main St,City1,State1,2381.9
P-1082,Acme Corp 82,82 Main St,City2,State2,827.54
P-1083,Acme Corp 83,83 Main St,City3,State3,1589.46
P-1084,Acme Corp 84,84 Main St,City4,State4,4247.44
P-1085,Acme Corp 85,85 Main St,City5,State0,2576.1
P-1086,Acme Corp 86,86 Main St,City6,State1,453.14
P-1087,Acme Corp 87,87 Main St,City7,State2,3945.08
P-1088,Acme Corp 88,88 Main St,City8,State3,2016.89
P-1089,Acme Corp 89,89 Main St,City9,State4,4991.85
P-1090,Acme Corp 90,90 Main St,City10,State0,2740.9
P-1091,Acme Corp 91,91 Main St,City11,State1,1392.94
P-1092,Acme Corp 92,92 Main St,City12,State2,2726.99
P-1093,Acme Corp 93,93 Main St,City13,State3,4563.91
P-1094,Acme Corp 94,94 Main St,City14,State4,2969.5
P-1095,Acme Corp 95,95 Main St,City15,State0,3292.04
P-1096,Acme Corp 96,96 Main St,City16,State1,733.76
P-1097,Acme Corp 97,97 Main St,City17,State2,2042.69
P-1098,Acme Corp 98,98 Main St,City18,State3,2817.22
P-1099,Acme Corp 99,99 Main St,City19,State4,213.85
P-1100,Acme Corp 100,100 Main St,City0,State0,1646.02
