EmployeeID,Name,Age,Department,City,Salary
1001,Employee_1,21,HR,Delhi,31000
1002,Employee_2,22,Finance,Mumbai,32000
1003,Employee_3,23,Sales,Bangalore,33000
1004,Employee_4,24,Marketing,Hyderabad,34000
1005,Employee_5,25,Support,Chennai,35000
1006,Employee_6,26,IT,Pune,36000
1007,Employee_7,27,HR,Delhi,37000
1008,Employee_8,28,Finance,Mumbai,38000
1009,Employee_9,29,Sales,Bangalore,39000
1010,Employee_10,30,Marketing,Hyderabad,40000
1011,Employee_11,31,Support,Chennai,41000
1012,Employee_12,32,IT,Pune,42000
1013,Employee_13,33,HR,Delhi,43000
1014,Employee_14,34,Finance,Mumbai,44000
1015,Employee_15,35,Sales,Bangalore,45000
1016,Employee_16,36,Marketing,Hyderabad,46000
1017,Employee_17,37,Support,Chennai,47000
1018,Employee_18,38,IT,Pune,48000
1019,Employee_19,39,HR,Delhi,49000
1020,Employee_20,40,Finance,Mumbai,50000
1021,Employee_21,20,Sales,Bangalore,51000
1022,Employee_22,21,Marketing,Hyderabad,52000
1023,Employee_23,22,Support,Chennai,53000
1024,Employee_24,23,IT,Pune,54000
1025,Employee_25,24,HR,Delhi,55000
1026,Employee_26,25,Finance,Mumbai,56000
1027,Employee_27,26,Sales,Bangalore,57000
1028,Employee_28,27,Marketing,Hyderabad,58000
1029,Employee_29,28,Support,Chennai,59000
1030,Employee_30,29,IT,Pune,60000
1031,Employee_31,30,HR,Delhi,61000
1032,Employee_32,31,Finance,Mumbai,62000
1033,Employee_33,32,Sales,Bangalore,63000
1034,Employee_34,33,Marketing,Hyderabad,64000
1035,Employee_35,34,Support,Chennai,65000
1036,Employee_36,35,IT,Pune,66000
1037,Employee_37,36,HR,Delhi,67000
1038,Employee_38,37,Finance,Mumbai,68000
1039,Employee_39,38,Sales,Bangalore,69000
1040,Employee_40,39,Marketing,Hyderabad,70000
1041,Employee_41,40,Support,Chennai,71000
1042,Employee_42,20,IT,Pune,72000
1043,Employee_43,21,HR,Delhi,73000
1044,Employee_44,22,Finance,Mumbai,74000
1045,Employee_45,23,Sales,Bangalore,75000
1046,Employee_46,24,Marketing,Hyderabad,76000
1047,Employee_47,25,Support,Chennai,77000
1048,Employee_48,26,IT,Pune,78000
1049,Employee_49,27,HR,Delhi,79000
1050,Employee_50,28,Finance,Mumbai,30000
1051,Employee_51,29,Sales,Bangalore,31000
1052,Employee_52,30,Marketing,Hyderabad,32000
1053,Employee_53,31,Support,Chennai,33000
1054,Employee_54,32,IT,Pune,34000
1055,Employee_55,33,HR,Delhi,35000
1056,Employee_56,34,Finance,Mumbai,36000
1057,Employee_57,35,Sales,Bangalore,37000
1058,Employee_58,36,Marketing,Hyderabad,38000
1059,Employee_59,37,Support,Chennai,39000
1060,Employee_60,38,IT,Pune,40000
1061,Employee_61,39,HR,Delhi,41000
1062,Employee_62,40,Finance,Mumbai,42000
1063,Employee_63,20,Sales,Bangalore,43000
1064,Employee_64,21,Marketing,Hyderabad,44000
1065,Employee_65,22,Support,Chennai,45000
1066,Employee_66,23,IT,Pune,46000
1067,Employee_67,24,HR,Delhi,47000
1068,Employee_68,25,Finance,Mumbai,48000
1069,Employee_69,26,Sales,Bangalore,49000
1070,Employee_70,27,Marketing,Hyderabad,50000
1071,Employee_71,28,Support,Chennai,51000
1072,Employee_72,29,IT,Pune,52000
1073,Employee_73,30,HR,Delhi,53000
1074,Employee_74,31,Finance,Mumbai,54000
1075,Employee_75,32,Sales,Bangalore,55000
1076,Employee_76,33,Marketing,Hyderabad,56000
1077,Employee_77,34,Support,Chennai,57000
1078,Employee_78,35,IT,Pune,58000
1079,Employee_79,36,HR,Delhi,59000
1080,Employee_80,37,Finance,Mumbai,60000
1081,Employee_81,38,Sales,Bangalore,61000
1082,Employee_82,39,Marketing,Hyderabad,62000
1083,Employee_83,40,Support,Chennai,63000
1084,Employee_84,20,IT,Pune,64000
1085,Employee_85,21,HR,Delhi,65000
1086,Employee_86,22,Finance,Mumbai,66000
1087,Employee_87,23,Sales,Bangalore,67000
1088,Employee_88,24,Marketing,Hyderabad,68000
1089,Employee_89,25,Support,Chennai,69000
1090,Employee_90,26,IT,Pune,70000
1091,Employee_91,27,HR,Delhi,71000
1092,Employee_92,28,Finance,Mumbai,72000
1093,Employee_93,29,Sales,Bangalore,73000
1094,Employee_94,30,Marketing,Hyderabad,74000
1095,Employee_95,31,Support,Chennai,75000
1096,Employee_96,32,IT,Pune,76000
1097,Employee_97,33,HR,Delhi,77000
1098,Employee_98,34,Finance,Mumbai,78000
1099,Employee_99,35,Sales,Bangalore,79000
1100,Employee_100,36,Marketing,Hyderabad,30000
1101,Employee_101,37,Support,Chennai,31000
1102,Employee_102,38,IT,Pune,32000
1103,Employee_103,39,HR,Delhi,33000
1104,Employee_104,40,Finance,Mumbai,34000
1105,Employee_105,20,Sales,Bangalore,35000
1106,Employee_106,21,Marketing,Hyderabad,36000
1107,Employee_107,22,Support,Chennai,37000
1108,Employee_108,23,IT,Pune,38000
1109,Employee_109,24,HR,Delhi,39000
1110,Employee_110,25,Finance,Mumbai,40000
1111,Employee_111,26,Sales,Bangalore,41000
1112,Employee_112,27,Marketing,Hyderabad,42000
1113,Employee_113,28,Support,Chennai,43000
1114,Employee_114,29,IT,Pune,44000
1115,Employee_115,30,HR,Delhi,45000
1116,Employee_116,31,Finance,Mumbai,46000
1117,Employee_117,32,Sales,Bangalore,47000
1118,Employee_118,33,Marketing,Hyderabad,48000
1119,Employee_119,34,Support,Chennai,49000
1120,Employee_120,35,IT,Pune,50000
1121,Employee_121,36,HR,Delhi,51000
1122,Employee_122,37,Finance,Mumbai,52000
1123,Employee_123,38,Sales,Bangalore,53000
1124,Employee_124,39,Marketing,Hyderabad,54000
1125,Employee_125,40,Support,Chennai,55000
1126,Employee_126,20,IT,Pune,56000
1127,Employee_127,21,HR,Delhi,57000
1128,Employee_128,22,Finance,Mumbai,58000
1129,Employee_129,23,Sales,Bangalore,59000
1130,Employee_130,24,Marketing,Hyderabad,60000
1131,Employee_131,25,Support,Chennai,61000
1132,Employee_132,26,IT,Pune,62000
1133,Employee_133,27,HR,Delhi,63000
1134,Employee_134,28,Finance,Mumbai,64000
1135,Employee_135,29,Sales,Bangalore,65000
1136,Employee_136,30,Marketing,Hyderabad,66000
1137,Employee_137,31,Support,Chennai,67000
1138,Employee_138,32,IT,Pune,68000
1139,Employee_139,33,HR,Delhi,69000
1140,Employee_140,34,Finance,Mumbai,70000
1141,Employee_141,35,Sales,Bangalore,71000
1142,Employee_142,36,Marketing,Hyderabad,72000
1143,Employee_143,37,Support,Chennai,73000
1144,Employee_144,38,IT,Pune,74000
1145,Employee_145,39,HR,Delhi,75000
1146,Employee_146,40,Finance,Mumbai,76000
1147,Employee_147,20,Sales,Bangalore,77000
1148,Employee_148,21,Marketing,Hyderabad,78000
1149,Employee_149,22,Support,Chennai,79000
1150,Employee_150,23,IT,Pune,30000
1151,Employee_151,24,HR,Delhi,31000
1152,Employee_152,25,Finance,Mumbai,32000
1153,Employee_153,26,Sales,Bangalore,33000
1154,Employee_154,27,Marketing,Hyderabad,34000
1155,Employee_155,28,Support,Chennai,35000
1156,Employee_156,29,IT,Pune,36000
1157,Employee_157,30,HR,Delhi,37000
1158,Employee_158,31,Finance,Mumbai,38000
1159,Employee_159,32,Sales,Bangalore,39000
1160,Employee_160,33,Marketing,Hyderabad,40000
1161,Employee_161,34,Support,Chennai,41000
1162,Employee_162,35,IT,Pune,42000
1163,Employee_163,36,HR,Delhi,43000
1164,Employee_164,37,Finance,Mumbai,44000
1165,Employee_165,38,Sales,Bangalore,45000
1166,Employee_166,39,Marketing,Hyderabad,46000
1167,Employee_167,40,Support,Chennai,47000
1168,Employee_168,20,IT,Pune,48000
1169,Employee_169,21,HR,Delhi,49000
1170,Employee_170,22,Finance,Mumbai,50000
1171,Employee_171,23,Sales,Bangalore,51000
1172,Employee_172,24,Marketing,Hyderabad,52000
1173,Employee_173,25,Support,Chennai,53000
1174,Employee_174,26,IT,Pune,54000
1175,Employee_175,27,HR,Delhi,55000
1176,Employee_176,28,Finance,Mumbai,56000
1177,Employee_177,29,Sales,Bangalore,57000
1178,Employee_178,30,Marketing,Hyderabad,58000
1179,Employee_179,31,Support,Chennai,59000
1180,Employee_180,32,IT,Pune,60000
1181,Employee_181,33,HR,Delhi,61000
1182,Employee_182,34,Finance,Mumbai,62000
1183,Employee_183,35,Sales,Bangalore,63000
1184,Employee_184,36,Marketing,Hyderabad,64000
1185,Employee_185,37,Support,Chennai,65000
1186,Employee_186,38,IT,Pune,66000
1187,Employee_187,39,HR,Delhi,67000
1188,Employee_188,40,Finance,Mumbai,68000
1189,Employee_189,20,Sales,Bangalore,69000
1190,Employee_190,21,Marketing,Hyderabad,70000
1191,Employee_191,22,Support,Chennai,71000
1192,Employee_192,23,IT,Pune,72000
1193,Employee_193,24,HR,Delhi,73000
1194,Employee_194,25,Finance,Mumbai,74000
1195,Employee_195,26,Sales,Bangalore,75000
1196,Employee_196,27,Marketing,Hyderabad,76000
1197,Employee_197,28,Support,Chennai,77000
1198,Employee_198,29,IT,Pune,78000
1199,Employee_199,30,HR,Delhi,79000
1200,Employee_200,31,Finance,Mumbai,30000
1201,Employee_201,32,Sales,Bangalore,31000
1202,Employee_202,33,Marketing,Hyderabad,32000
1203,Employee_203,34,Support,Chennai,33000
1204,Employee_204,35,IT,Pune,34000
1205,Employee_205,36,HR,Delhi,35000
1206,Employee_206,37,Finance,Mumbai,36000
1207,Employee_207,38,Sales,Bangalore,37000
1208,Employee_208,39,Marketing,Hyderabad,38000
1209,Employee_209,40,Support,Chennai,39000
1210,Employee_210,20,IT,Pune,40000
1211,Employee_211,21,HR,Delhi,41000
1212,Employee_212,22,Finance,Mumbai,42000
1213,Employee_213,23,Sales,Bangalore,43000
1214,Employee_214,24,Marketing,Hyderabad,44000
1215,Employee_215,25,Support,Chennai,45000
1216,Employee_216,26,IT,Pune,46000
1217,Employee_217,27,HR,Delhi,47000
1218,Employee_218,28,Finance,Mumbai,48000
1219,Employee_219,29,Sales,Bangalore,49000
1220,Employee_220,30,Marketing,Hyderabad,50000
1221,Employee_221,31,Support,Chennai,51000
1222,Employee_222,32,IT,Pune,52000
1223,Employee_223,33,HR,Delhi,53000
1224,Employee_224,34,Finance,Mumbai,54000
1225,Employee_225,35,Sales,Bangalore,55000
1226,Employee_226,36,Marketing,Hyderabad,56000
1227,Employee_227,37,Support,Chennai,57000
1228,Employee_228,38,IT,Pune,58000
1229,Employee_229,39,HR,Delhi,59000
1230,Employee_230,40,Finance,Mumbai,60000
1231,Employee_231,20,Sales,Bangalore,61000
1232,Employee_232,21,Marketing,Hyderabad,62000
1233,Employee_233,22,Support,Chennai,63000
1234,Employee_234,23,IT,Pune,64000
1235,Employee_235,24,HR,Delhi,65000
1236,Employee_236,25,Finance,Mumbai,66000
1237,Employee_237,26,Sales,Bangalore,67000
1238,Employee_238,27,Marketing,Hyderabad,68000
1239,Employee_239,28,Support,Chennai,69000
1240,Employee_240,29,IT,Pune,70000
1241,Employee_241,30,HR,Delhi,71000
1242,Employee_242,31,Finance,Mumbai,72000
1243,Employee_243,32,Sales,Bangalore,73000
1244,Employee_244,33,Marketing,Hyderabad,74000
1245,Employee_245,34,Support,Chennai,75000
1246,Employee_246,35,IT,Pune,76000
1247,Employee_247,36,HR,Delhi,77000
1248,Employee_248,37,Finance,Mumbai,78000
1249,Employee_249,38,Sales,Bangalore,79000
1250,Employee_250,39,Marketing,Hyderabad,30000
1251,Employee_251,40,Support,Chennai,31000
1252,Employee_252,20,IT,Pune,32000
1253,Employee_253,21,HR,Delhi,33000
1254,Employee_254,22,Finance,Mumbai,34000
1255,Employee_255,23,Sales,Bangalore,35000
1256,Employee_256,24,Marketing,Hyderabad,36000
1257,Employee_257,25,Support,Chennai,37000
1258,Employee_258,26,IT,Pune,38000
1259,Employee_259,27,HR,Delhi,39000
1260,Employee_260,28,Finance,Mumbai,40000
1261,Employee_261,29,Sales,Bangalore,41000
1262,Employee_262,30,Marketing,Hyderabad,42000
1263,Employee_263,31,Support,Chennai,43000
1264,Employee_264,32,IT,Pune,44000
1265,Employee_265,33,HR,Delhi,45000
1266,Employee_266,34,Finance,Mumbai,46000
1267,Employee_267,35,Sales,Bangalore,47000
1268,Employee_268,36,Marketing,Hyderabad,48000
1269,Employee_269,37,Support,Chennai,49000
1270,Employee_270,38,IT,Pune,50000
1271,Employee_271,39,HR,Delhi,51000
1272,Employee_272,40,Finance,Mumbai,52000
1273,Employee_273,20,Sales,Bangalore,53000
1274,Employee_274,21,Marketing,Hyderabad,54000
1275,Employee_275,22,Support,Chennai,55000
1276,Employee_276,23,IT,Pune,56000
1277,Employee_277,24,HR,Delhi,57000
1278,Employee_278,25,Finance,Mumbai,58000
1279,Employee_279,26,Sales,Bangalore,59000
1280,Employee_280,27,Marketing,Hyderabad,60000
1281,Employee_281,28,Support,Chennai,61000
1282,Employee_282,29,IT,Pune,62000
1283,Employee_283,30,HR,Delhi,63000
1284,Employee_284,31,Finance,Mumbai,64000
1285,Employee_285,32,Sales,Bangalore,65000
1286,Employee_286,33,Marketing,Hyderabad,66000
1287,Employee_287,34,Support,Chennai,67000
1288,Employee_288,35,IT,Pune,68000
1289,Employee_289,36,HR,Delhi,69000
1290,Employee_290,37,Finance,Mumbai,70000
1291,Employee_291,38,Sales,Bangalore,71000
1292,Employee_292,39,Marketing,Hyderabad,72000
1293,Employee_293,40,Support,Chennai,73000
1294,Employee_294,20,IT,Pune,74000
1295,Employee_295,21,HR,Delhi,75000
1296,Employee_296,22,Finance,Mumbai,76000
1297,Employee_297,23,Sales,Bangalore,77000
1298,Employee_298,24,Marketing,Hyderabad,78000
1299,Employee_299,25,Support,Chennai,79000
1300,Employee_300,26,IT,Pune,30000
1301,Employee_301,27,HR,Delhi,31000
1302,Employee_302,28,Finance,Mumbai,32000
1303,Employee_303,29,Sales,Bangalore,33000
1304,Employee_304,30,Marketing,Hyderabad,34000
1305,Employee_305,31,Support,Chennai,35000
1306,Employee_306,32,IT,Pune,36000
1307,Employee_307,33,HR,Delhi,37000
1308,Employee_308,34,Finance,Mumbai,38000
1309,Employee_309,35,Sales,Bangalore,39000
1310,Employee_310,36,Marketing,Hyderabad,40000
1311,Employee_311,37,Support,Chennai,41000
1312,Employee_312,38,IT,Pune,42000
1313,Employee_313,39,HR,Delhi,43000
1314,Employee_314,40,Finance,Mumbai,44000
1315,Employee_315,20,Sales,Bangalore,45000
1316,Employee_316,21,Marketing,Hyderabad,46000
1317,Employee_317,22,Support,Chennai,47000
1318,Employee_318,23,IT,Pune,48000
1319,Employee_319,24,HR,Delhi,49000
1320,Employee_320,25,Finance,Mumbai,50000
1321,Employee_321,26,Sales,Bangalore,51000
1322,Employee_322,27,Marketing,Hyderabad,52000
1323,Employee_323,28,Support,Chennai,53000
1324,Employee_324,29,IT,Pune,54000
1325,Employee_325,30,HR,Delhi,55000
1326,Employee_326,31,Finance,Mumbai,56000
1327,Employee_327,32,Sales,Bangalore,57000
1328,Employee_328,33,Marketing,Hyderabad,58000
1329,Employee_329,34,Support,Chennai,59000
1330,Employee_330,35,IT,Pune,60000
1331,Employee_331,36,HR,Delhi,61000
1332,Employee_332,37,Finance,Mumbai,62000
1333,Employee_333,38,Sales,Bangalore,63000
1334,Employee_334,39,Marketing,Hyderabad,64000
1335,Employee_335,40,Support,Chennai,65000
1336,Employee_336,20,IT,Pune,66000
1337,Employee_337,21,HR,Delhi,67000
1338,Employee_338,22,Finance,Mumbai,68000
1339,Employee_339,23,Sales,Bangalore,69000
1340,Employee_340,24,Marketing,Hyderabad,70000
1341,Employee_341,25,Support,Chennai,71000
1342,Employee_342,26,IT,Pune,72000
1343,Employee_343,27,HR,Delhi,73000
1344,Employee_344,28,Finance,Mumbai,74000
1345,Employee_345,29,Sales,Bangalore,75000
1346,Employee_346,30,Marketing,Hyderabad,76000
1347,Employee_347,31,Support,Chennai,77000
1348,Employee_348,32,IT,Pune,78000
1349,Employee_349,33,HR,Delhi,79000
1350,Employee_350,34,Finance,Mumbai,30000
1351,Employee_351,35,Sales,Bangalore,31000
1352,Employee_352,36,Marketing,Hyderabad,32000
1353,Employee_353,37,Support,Chennai,33000
1354,Employee_354,38,IT,Pune,34000
1355,Employee_355,39,HR,Delhi,35000
1356,Employee_356,40,Finance,Mumbai,36000
1357,Employee_357,20,Sales,Bangalore,37000
1358,Employee_358,21,Marketing,Hyderabad,38000
1359,Employee_359,22,Support,Chennai,39000
1360,Employee_360,23,IT,Pune,40000
1361,Employee_361,24,HR,Delhi,41000
1362,Employee_362,25,Finance,Mumbai,42000
1363,Employee_363,26,Sales,Bangalore,43000
1364,Employee_364,27,Marketing,Hyderabad,44000
1365,Employee_365,28,Support,Chennai,45000
1366,Employee_366,29,IT,Pune,46000
1367,Employee_367,30,HR,Delhi,47000
1368,Employee_368,31,Finance,Mumbai,48000
1369,Employee_369,32,Sales,Bangalore,49000
1370,Employee_370,33,Marketing,Hyderabad,50000
1371,Employee_371,34,Support,Chennai,51000
1372,Employee_372,35,IT,Pune,52000
1373,Employee_373,36,HR,Delhi,53000
1374,Employee_374,37,Finance,Mumbai,54000
1375,Employee_375,38,Sales,Bangalore,55000
1376,Employee_376,39,Marketing,Hyderabad,56000
1377,Employee_377,40,Support,Chennai,57000
1378,Employee_378,20,IT,Pune,58000
1379,Employee_379,21,HR,Delhi,59000
1380,Employee_380,22,Finance,Mumbai,60000
1381,Employee_381,23,Sales,Bangalore,61000
1382,Employee_382,24,Marketing,Hyderabad,62000
1383,Employee_383,25,Support,Chennai,63000
1384,Employee_384,26,IT,Pune,64000
1385,Employee_385,27,HR,Delhi,65000
1386,Employee_386,28,Finance,Mumbai,66000
1387,Employee_387,29,Sales,Bangalore,67000
1388,Employee_388,30,Marketing,Hyderabad,68000
1389,Employee_389,31,Support,Chennai,69000
1390,Employee_390,32,IT,Pune,70000
1391,Employee_391,33,HR,Delhi,71000
1392,Employee_392,34,Finance,Mumbai,72000
1393,Employee_393,35,Sales,Bangalore,73000
1394,Employee_394,36,Marketing,Hyderabad,74000
1395,Employee_395,37,Support,Chennai,75000
1396,Employee_396,38,IT,Pune,76000
1397,Employee_397,39,HR,Delhi,77000
1398,Employee_398,40,Finance,Mumbai,78000
1399,Employee_399,20,Sales,Bangalore,79000
1400,Employee_400,21,Marketing,Hyderabad,30000
1401,Employee_401,22,Support,Chennai,31000
1402,Employee_402,23,IT,Pune,32000
1403,Employee_403,24,HR,Delhi,33000
1404,Employee_404,25,Finance,Mumbai,34000
1405,Employee_405,26,Sales,Bangalore,35000
1406,Employee_406,27,Marketing,Hyderabad,36000
1407,Employee_407,28,Support,Chennai,37000
1408,Employee_408,29,IT,Pune,38000
1409,Employee_409,30,HR,Delhi,39000
1410,Employee_410,31,Finance,Mumbai,40000
1411,Employee_411,32,Sales,Bangalore,41000
1412,Employee_412,33,Marketing,Hyderabad,42000
1413,Employee_413,34,Support,Chennai,43000
1414,Employee_414,35,IT,Pune,44000
1415,Employee_415,36,HR,Delhi,45000
1416,Employee_416,37,Finance,Mumbai,46000
1417,Employee_417,38,Sales,Bangalore,47000
1418,Employee_418,39,Marketing,Hyderabad,48000
1419,Employee_419,40,Support,Chennai,49000
1420,Employee_420,20,IT,Pune,50000
1421,Employee_421,21,HR,Delhi,51000
1422,Employee_422,22,Finance,Mumbai,52000
1423,Employee_423,23,Sales,Bangalore,53000
1424,Employee_424,24,Marketing,Hyderabad,54000
1425,Employee_425,25,Support,Chennai,55000
1426,Employee_426,26,IT,Pune,56000
1427,Employee_427,27,HR,Delhi,57000
1428,Employee_428,28,Finance,Mumbai,58000
1429,Employee_429,29,Sales,Bangalore,59000
1430,Employee_430,30,Marketing,Hyderabad,60000
1431,Employee_431,31,Support,Chennai,61000
1432,Employee_432,32,IT,Pune,62000
1433,Employee_433,33,HR,Delhi,63000
1434,Employee_434,34,Finance,Mumbai,64000
1435,Employee_435,35,Sales,Bangalore,65000
1436,Employee_436,36,Marketing,Hyderabad,66000
1437,Employee_437,37,Support,Chennai,67000
1438,Employee_438,38,IT,Pune,68000
1439,Employee_439,39,HR,Delhi,69000
1440,Employee_440,40,Finance,Mumbai,70000
1441,Employee_441,20,Sales,Bangalore,71000
1442,Employee_442,21,Marketing,Hyderabad,72000
1443,Employee_443,22,Support,Chennai,73000
1444,Employee_444,23,IT,Pune,74000
1445,Employee_445,24,HR,Delhi,75000
1446,Employee_446,25,Finance,Mumbai,76000
1447,Employee_447,26,Sales,Bangalore,77000
1448,Employee_448,27,Marketing,Hyderabad,78000
1449,Employee_449,28,Support,Chennai,79000
1450,Employee_450,29,IT,Pune,30000
1451,Employee_451,30,HR,Delhi,31000
1452,Employee_452,31,Finance,Mumbai,32000
1453,Employee_453,32,Sales,Bangalore,33000
1454,Employee_454,33,Marketing,Hyderabad,34000
1455,Employee_455,34,Support,Chennai,35000
1456,Employee_456,35,IT,Pune,36000
1457,Employee_457,36,HR,Delhi,37000
1458,Employee_458,37,Finance,Mumbai,38000
1459,Employee_459,38,Sales,Bangalore,39000
1460,Employee_460,39,Marketing,Hyderabad,40000
1461,Employee_461,40,Support,Chennai,41000
1462,Employee_462,20,IT,Pune,42000
1463,Employee_463,21,HR,Delhi,43000
1464,Employee_464,22,Finance,Mumbai,44000
1465,Employee_465,23,Sales,Bangalore,45000
1466,Employee_466,24,Marketing,Hyderabad,46000
1467,Employee_467,25,Support,Chennai,47000
1468,Employee_468,26,IT,Pune,48000
1469,Employee_469,27,HR,Delhi,49000
1470,Employee_470,28,Finance,Mumbai,50000
1471,Employee_471,29,Sales,Bangalore,51000
1472,Employee_472,30,Marketing,Hyderabad,52000
1473,Employee_473,31,Support,Chennai,53000
1474,Employee_474,32,IT,Pune,54000
1475,Employee_475,33,HR,Delhi,55000
1476,Employee_476,34,Finance,Mumbai,56000
1477,Employee_477,35,Sales,Bangalore,57000
1478,Employee_478,36,Marketing,Hyderabad,58000
1479,Employee_479,37,Support,Chennai,59000
1480,Employee_480,38,IT,Pune,60000
1481,Employee_481,39,HR,Delhi,61000
1482,Employee_482,40,Finance,Mumbai,62000
1483,Employee_483,20,Sales,Bangalore,63000
1484,Employee_484,21,Marketing,Hyderabad,64000
1485,Employee_485,22,Support,Chennai,65000
1486,Employee_486,23,IT,Pune,66000
1487,Employee_487,24,HR,Delhi,67000
1488,Employee_488,25,Finance,Mumbai,68000
1489,Employee_489,26,Sales,Bangalore,69000
1490,Employee_490,27,Marketing,Hyderabad,70000
1491,Employee_491,28,Support,Chennai,71000
1492,Employee_492,29,IT,Pune,72000
1493,Employee_493,30,HR,Delhi,73000
1494,Employee_494,31,Finance,Mumbai,74000
1495,Employee_495,32,Sales,Bangalore,75000
1496,Employee_496,33,Marketing,Hyderabad,76000
1497,Employee_497,34,Support,Chennai,77000
1498,Employee_498,35,IT,Pune,78000
1499,Employee_499,36,HR,Delhi,79000
1500,Employee_500,37,Finance,Mumbai,30000
1501,Employee_501,38,Sales,Bangalore,31000
1502,Employee_502,39,Marketing,Hyderabad,32000
1503,Employee_503,40,Support,Chennai,33000
1504,Employee_504,20,IT,Pune,34000
1505,Employee_505,21,HR,Delhi,35000
1506,Employee_506,22,Finance,Mumbai,36000
1507,Employee_507,23,Sales,Bangalore,37000
1508,Employee_508,24,Marketing,Hyderabad,38000
1509,Employee_509,25,Support,Chennai,39000
1510,Employee_510,26,IT,Pune,40000
1511,Employee_511,27,HR,Delhi,41000
1512,Employee_512,28,Finance,Mumbai,42000
1513,Employee_513,29,Sales,Bangalore,43000
1514,Employee_514,30,Marketing,Hyderabad,44000
1515,Employee_515,31,Support,Chennai,45000
1516,Employee_516,32,IT,Pune,46000
1517,Employee_517,33,HR,Delhi,47000
1518,Employee_518,34,Finance,Mumbai,48000
1519,Employee_519,35,Sales,Bangalore,49000
1520,Employee_520,36,Marketing,Hyderabad,50000
1521,Employee_521,37,Support,Chennai,51000
1522,Employee_522,38,IT,Pune,52000
1523,Employee_523,39,HR,Delhi,53000
1524,Employee_524,40,Finance,Mumbai,54000
1525,Employee_525,20,Sales,Bangalore,55000
1526,Employee_526,21,Marketing,Hyderabad,56000
1527,Employee_527,22,Support,Chennai,57000
1528,Employee_528,23,IT,Pune,58000
1529,Employee_529,24,HR,Delhi,59000
1530,Employee_530,25,Finance,Mumbai,60000
1531,Employee_531,26,Sales,Bangalore,61000
1532,Employee_532,27,Marketing,Hyderabad,62000
1533,Employee_533,28,Support,Chennai,63000
1534,Employee_534,29,IT,Pune,64000
1535,Employee_535,30,HR,Delhi,65000
1536,Employee_536,31,Finance,Mumbai,66000
1537,Employee_537,32,Sales,Bangalore,67000
1538,Employee_538,33,Marketing,Hyderabad,68000
1539,Employee_539,34,Support,Chennai,69000
1540,Employee_540,35,IT,Pune,70000
1541,Employee_541,36,HR,Delhi,71000
1542,Employee_542,37,Finance,Mumbai,72000
1543,Employee_543,38,Sales,Bangalore,73000
1544,Employee_544,39,Marketing,Hyderabad,74000
1545,Employee_545,40,Support,Chennai,75000
1546,Employee_546,20,IT,Pune,76000
1547,Employee_547,21,HR,Delhi,77000
1548,Employee_548,22,Finance,Mumbai,78000
1549,Employee_549,23,Sales,Bangalore,79000
1550,Employee_550,24,Marketing,Hyderabad,30000
1551,Employee_551,25,Support,Chennai,31000
1552,Employee_552,26,IT,Pune,32000
1553,Employee_553,27,HR,Delhi,33000
1554,Employee_554,28,Finance,Mumbai,34000
1555,Employee_555,29,Sales,Bangalore,35000
1556,Employee_556,30,Marketing,Hyderabad,36000
1557,Employee_557,31,Support,Chennai,37000
1558,Employee_558,32,IT,Pune,38000
1559,Employee_559,33,HR,Delhi,39000
1560,Employee_560,34,Finance,Mumbai,40000
1561,Employee_561,35,Sales,Bangalore,41000
1562,Employee_562,36,Marketing,Hyderabad,42000
1563,Employee_563,37,Support,Chennai,43000
1564,Employee_564,38,IT,Pune,44000
1565,Employee_565,39,HR,Delhi,45000
1566,Employee_566,40,Finance,Mumbai,46000
1567,Employee_567,20,Sales,Bangalore,47000
1568,Employee_568,21,Marketing,Hyderabad,48000
1569,Employee_569,22,Support,Chennai,49000
1570,Employee_570,23,IT,Pune,50000
1571,Employee_571,24,HR,Delhi,51000
1572,Employee_572,25,Finance,Mumbai,52000
1573,Employee_573,26,Sales,Bangalore,53000
1574,Employee_574,27,Marketing,Hyderabad,54000
1575,Employee_575,28,Support,Chennai,55000
1576,Employee_576,29,IT,Pune,56000
1577,Employee_577,30,HR,Delhi,57000
1578,Employee_578,31,Finance,Mumbai,58000
1579,Employee_579,32,Sales,Bangalore,59000
1580,Employee_580,33,Marketing,Hyderabad,60000
1581,Employee_581,34,Support,Chennai,61000
1582,Employee_582,35,IT,Pune,62000
1583,Employee_583,36,HR,Delhi,63000
1584,Employee_584,37,Finance,Mumbai,64000
1585,Employee_585,38,Sales,Bangalore,65000
1586,Employee_586,39,Marketing,Hyderabad,66000
1587,Employee_587,40,Support,Chennai,67000
1588,Employee_588,20,IT,Pune,68000
1589,Employee_589,21,HR,Delhi,69000
1590,Employee_590,22,Finance,Mumbai,70000
1591,Employee_591,23,Sales,Bangalore,71000
1592,Employee_592,24,Marketing,Hyderabad,72000
1593,Employee_593,25,Support,Chennai,73000
1594,Employee_594,26,IT,Pune,74000
1595,Employee_595,27,HR,Delhi,75000
1596,Employee_596,28,Finance,Mumbai,76000
1597,Employee_597,29,Sales,Bangalore,77000
1598,Employee_598,30,Marketing,Hyderabad,78000
1599,Employee_599,31,Support,Chennai,79000
1600,Employee_600,32,IT,Pune,30000
1601,Employee_601,33,HR,Delhi,31000
1602,Employee_602,34,Finance,Mumbai,32000
1603,Employee_603,35,Sales,Bangalore,33000
1604,Employee_604,36,Marketing,Hyderabad,34000
1605,Employee_605,37,Support,Chennai,35000
1606,Employee_606,38,IT,Pune,36000
1607,Employee_607,39,HR,Delhi,37000
1608,Employee_608,40,Finance,Mumbai,38000
1609,Employee_609,20,Sales,Bangalore,39000
1610,Employee_610,21,Marketing,Hyderabad,40000
1611,Employee_611,22,Support,Chennai,41000
1612,Employee_612,23,IT,Pune,42000
1613,Employee_613,24,HR,Delhi,43000
1614,Employee_614,25,Finance,Mumbai,44000
1615,Employee_615,26,Sales,Bangalore,45000
1616,Employee_616,27,Marketing,Hyderabad,46000
1617,Employee_617,28,Support,Chennai,47000
1618,Employee_618,29,IT,Pune,48000
1619,Employee_619,30,HR,Delhi,49000
1620,Employee_620,31,Finance,Mumbai,50000
1621,Employee_621,32,Sales,Bangalore,51000
1622,Employee_622,33,Marketing,Hyderabad,52000
1623,Employee_623,34,Support,Chennai,53000
1624,Employee_624,35,IT,Pune,54000
1625,Employee_625,36,HR,Delhi,55000
1626,Employee_626,37,Finance,Mumbai,56000
1627,Employee_627,38,Sales,Bangalore,57000
1628,Employee_628,39,Marketing,Hyderabad,58000
1629,Employee_629,40,Support,Chennai,59000
1630,Employee_630,20,IT,Pune,60000
1631,Employee_631,21,HR,Delhi,61000
1632,Employee_632,22,Finance,Mumbai,62000
1633,Employee_633,23,Sales,Bangalore,63000
1634,Employee_634,24,Marketing,Hyderabad,64000
1635,Employee_635,25,Support,Chennai,65000
1636,Employee_636,26,IT,Pune,66000
1637,Employee_637,27,HR,Delhi,67000
1638,Employee_638,28,Finance,Mumbai,68000
1639,Employee_639,29,Sales,Bangalore,69000
1640,Employee_640,30,Marketing,Hyderabad,70000
1641,Employee_641,31,Support,Chennai,71000
1642,Employee_642,32,IT,Pune,72000
1643,Employee_643,33,HR,Delhi,73000
1644,Employee_644,34,Finance,Mumbai,74000
1645,Employee_645,35,Sales,Bangalore,75000
1646,Employee_646,36,Marketing,Hyderabad,76000
1647,Employee_647,37,Support,Chennai,77000
1648,Employee_648,38,IT,Pune,78000
1649,Employee_649,39,HR,Delhi,79000
1650,Employee_650,40,Finance,Mumbai,30000
1651,Employee_651,20,Sales,Bangalore,31000
1652,Employee_652,21,Marketing,Hyderabad,32000
1653,Employee_653,22,Support,Chennai,33000
1654,Employee_654,23,IT,Pune,34000
1655,Employee_655,24,HR,Delhi,35000
1656,Employee_656,25,Finance,Mumbai,36000
1657,Employee_657,26,Sales,Bangalore,37000
1658,Employee_658,27,Marketing,Hyderabad,38000
1659,Employee_659,28,Support,Chennai,39000
1660,Employee_660,29,IT,Pune,40000
1661,Employee_661,30,HR,Delhi,41000
1662,Employee_662,31,Finance,Mumbai,42000
1663,Employee_663,32,Sales,Bangalore,43000
1664,Employee_664,33,Marketing,Hyderabad,44000
1665,Employee_665,34,Support,Chennai,45000
1666,Employee_666,35,IT,Pune,46000
1667,Employee_667,36,HR,Delhi,47000
1668,Employee_668,37,Finance,Mumbai,48000
1669,Employee_669,38,Sales,Bangalore,49000
1670,Employee_670,39,Marketing,Hyderabad,50000
1671,Employee_671,40,Support,Chennai,51000
1672,Employee_672,20,IT,Pune,52000
1673,Employee_673,21,HR,Delhi,53000
1674,Employee_674,22,Finance,Mumbai,54000
1675,Employee_675,23,Sales,Bangalore,55000
1676,Employee_676,24,Marketing,Hyderabad,56000
1677,Employee_677,25,Support,Chennai,57000
1678,Employee_678,26,IT,Pune,58000
1679,Employee_679,27,HR,Delhi,59000
1680,Employee_680,28,Finance,Mumbai,60000
1681,Employee_681,29,Sales,Bangalore,61000
1682,Employee_682,30,Marketing,Hyderabad,62000
1683,Employee_683,31,Support,Chennai,63000
1684,Employee_684,32,IT,Pune,64000
1685,Employee_685,33,HR,Delhi,65000
1686,Employee_686,34,Finance,Mumbai,66000
1687,Employee_687,35,Sales,Bangalore,67000
1688,Employee_688,36,Marketing,Hyderabad,68000
1689,Employee_689,37,Support,Chennai,69000
1690,Employee_690,38,IT,Pune,70000
1691,Employee_691,39,HR,Delhi,71000
1692,Employee_692,40,Finance,Mumbai,72000
1693,Employee_693,20,Sales,Bangalore,73000
1694,Employee_694,21,Marketing,Hyderabad,74000
1695,Employee_695,22,Support,Chennai,75000
1696,Employee_696,23,IT,Pune,76000
1697,Employee_697,24,HR,Delhi,77000
1698,Employee_698,25,Finance,Mumbai,78000
1699,Employee_699,26,Sales,Bangalore,79000
1700,Employee_700,27,Marketing,Hyderabad,30000
1701,Employee_701,28,Support,Chennai,31000
1702,Employee_702,29,IT,Pune,32000
1703,Employee_703,30,HR,Delhi,33000
1704,Employee_704,31,Finance,Mumbai,34000
1705,Employee_705,32,Sales,Bangalore,35000
1706,Employee_706,33,Marketing,Hyderabad,36000
1707,Employee_707,34,Support,Chennai,37000
1708,Employee_708,35,IT,Pune,38000
1709,Employee_709,36,HR,Delhi,39000
1710,Employee_710,37,Finance,Mumbai,40000
1711,Employee_711,38,Sales,Bangalore,41000
1712,Employee_712,39,Marketing,Hyderabad,42000
1713,Employee_713,40,Support,Chennai,43000
1714,Employee_714,20,IT,Pune,44000
1715,Employee_715,21,HR,Delhi,45000
1716,Employee_716,22,Finance,Mumbai,46000
1717,Employee_717,23,Sales,Bangalore,47000
1718,Employee_718,24,Marketing,Hyderabad,48000
1719,Employee_719,25,Support,Chennai,49000
1720,Employee_720,26,IT,Pune,50000
1721,Employee_721,27,HR,Delhi,51000
1722,Employee_722,28,Finance,Mumbai,52000
1723,Employee_723,29,Sales,Bangalore,53000
1724,Employee_724,30,Marketing,Hyderabad,54000
1725,Employee_725,31,Support,Chennai,55000
1726,Employee_726,32,IT,Pune,56000
1727,Employee_727,33,HR,Delhi,57000
1728,Employee_728,34,Finance,Mumbai,58000
1729,Employee_729,35,Sales,Bangalore,59000
1730,Employee_730,36,Marketing,Hyderabad,60000
1731,Employee_731,37,Support,Chennai,61000
1732,Employee_732,38,IT,Pune,62000
1733,Employee_733,39,HR,Delhi,63000
1734,Employee_734,40,Finance,Mumbai,64000
1735,Employee_735,20,Sales,Bangalore,65000
1736,Employee_736,21,Marketing,Hyderabad,66000
1737,Employee_737,22,Support,Chennai,67000
1738,Employee_738,23,IT,Pune,68000
1739,Employee_739,24,HR,Delhi,69000
1740,Employee_740,25,Finance,Mumbai,70000
1741,Employee_741,26,Sales,Bangalore,71000
1742,Employee_742,27,Marketing,Hyderabad,72000
1743,Employee_743,28,Support,Chennai,73000
1744,Employee_744,29,IT,Pune,74000
1745,Employee_745,30,HR,Delhi,75000
1746,Employee_746,31,Finance,Mumbai,76000
1747,Employee_747,32,Sales,Bangalore,77000
1748,Employee_748,33,Marketing,Hyderabad,78000
1749,Employee_749,34,Support,Chennai,79000
1750,Employee_750,35,IT,Pune,30000
1751,Employee_751,36,HR,Delhi,31000
1752,Employee_752,37,Finance,Mumbai,32000
1753,Employee_753,38,Sales,Bangalore,33000
1754,Employee_754,39,Marketing,Hyderabad,34000
1755,Employee_755,40,Support,Chennai,35000
1756,Employee_756,20,IT,Pune,36000
1757,Employee_757,21,HR,Delhi,37000
1758,Employee_758,22,Finance,Mumbai,38000
1759,Employee_759,23,Sales,Bangalore,39000
1760,Employee_760,24,Marketing,Hyderabad,40000
1761,Employee_761,25,Support,Chennai,41000
1762,Employee_762,26,IT,Pune,42000
1763,Employee_763,27,HR,Delhi,43000
1764,Employee_764,28,Finance,Mumbai,44000
1765,Employee_765,29,Sales,Bangalore,45000
1766,Employee_766,30,Marketing,Hyderabad,46000
1767,Employee_767,31,Support,Chennai,47000
1768,Employee_768,32,IT,Pune,48000
1769,Employee_769,33,HR,Delhi,49000
1770,Employee_770,34,Finance,Mumbai,50000
1771,Employee_771,35,Sales,Bangalore,51000
1772,Employee_772,36,Marketing,Hyderabad,52000
1773,Employee_773,37,Support,Chennai,53000
1774,Employee_774,38,IT,Pune,54000
1775,Employee_775,39,HR,Delhi,55000
1776,Employee_776,40,Finance,Mumbai,56000
1777,Employee_777,20,Sales,Bangalore,57000
1778,Employee_778,21,Marketing,Hyderabad,58000
1779,Employee_779,22,Support,Chennai,59000
1780,Employee_780,23,IT,Pune,60000
1781,Employee_781,24,HR,Delhi,61000
1782,Employee_782,25,Finance,Mumbai,62000
1783,Employee_783,26,Sales,Bangalore,63000
1784,Employee_784,27,Marketing,Hyderabad,64000
1785,Employee_785,28,Support,Chennai,65000
1786,Employee_786,29,IT,Pune,66000
1787,Employee_787,30,HR,Delhi,67000
1788,Employee_788,31,Finance,Mumbai,68000
1789,Employee_789,32,Sales,Bangalore,69000
1790,Employee_790,33,Marketing,Hyderabad,70000
1791,Employee_791,34,Support,Chennai,71000
1792,Employee_792,35,IT,Pune,72000
1793,Employee_793,36,HR,Delhi,73000
1794,Employee_794,37,Finance,Mumbai,74000
1795,Employee_795,38,Sales,Bangalore,75000
1796,Employee_796,39,Marketing,Hyderabad,76000
1797,Employee_797,40,Support,Chennai,77000
1798,Employee_798,20,IT,Pune,78000
1799,Employee_799,21,HR,Delhi,79000
1800,Employee_800,22,Finance,Mumbai,30000
1801,Employee_801,23,Sales,Bangalore,31000
1802,Employee_802,24,Marketing,Hyderabad,32000
1803,Employee_803,25,Support,Chennai,33000
1804,Employee_804,26,IT,Pune,34000
1805,Employee_805,27,HR,Delhi,35000
1806,Employee_806,28,Finance,Mumbai,36000
1807,Employee_807,29,Sales,Bangalore,37000
1808,Employee_808,30,Marketing,Hyderabad,38000
1809,Employee_809,31,Support,Chennai,39000
1810,Employee_810,32,IT,Pune,40000
1811,Employee_811,33,HR,Delhi,41000
1812,Employee_812,34,Finance,Mumbai,42000
1813,Employee_813,35,Sales,Bangalore,43000
1814,Employee_814,36,Marketing,Hyderabad,44000
1815,Employee_815,37,Support,Chennai,45000
1816,Employee_816,38,IT,Pune,46000
1817,Employee_817,39,HR,Delhi,47000
1818,Employee_818,40,Finance,Mumbai,48000
1819,Employee_819,20,Sales,Bangalore,49000
1820,Employee_820,21,Marketing,Hyderabad,50000
1821,Employee_821,22,Support,Chennai,51000
1822,Employee_822,23,IT,Pune,52000
1823,Employee_823,24,HR,Delhi,53000
1824,Employee_824,25,Finance,Mumbai,54000
1825,Employee_825,26,Sales,Bangalore,55000
1826,Employee_826,27,Marketing,Hyderabad,56000
1827,Employee_827,28,Support,Chennai,57000
1828,Employee_828,29,IT,Pune,58000
1829,Employee_829,30,HR,Delhi,59000
1830,Employee_830,31,Finance,Mumbai,60000
1831,Employee_831,32,Sales,Bangalore,61000
1832,Employee_832,33,Marketing,Hyderabad,62000
1833,Employee_833,34,Support,Chennai,63000
1834,Employee_834,35,IT,Pune,64000
1835,Employee_835,36,HR,Delhi,65000
1836,Employee_836,37,Finance,Mumbai,66000
1837,Employee_837,38,Sales,Bangalore,67000
1838,Employee_838,39,Marketing,Hyderabad,68000
1839,Employee_839,40,Support,Chennai,69000
1840,Employee_840,20,IT,Pune,70000
1841,Employee_841,21,HR,Delhi,71000
1842,Employee_842,22,Finance,Mumbai,72000
1843,Employee_843,23,Sales,Bangalore,73000
1844,Employee_844,24,Marketing,Hyderabad,74000
1845,Employee_845,25,Support,Chennai,75000
1846,Employee_846,26,IT,Pune,76000
1847,Employee_847,27,HR,Delhi,77000
1848,Employee_848,28,Finance,Mumbai,78000
1849,Employee_849,29,Sales,Bangalore,79000
1850,Employee_850,30,Marketing,Hyderabad,30000
1851,Employee_851,31,Support,Chennai,31000
1852,Employee_852,32,IT,Pune,32000
1853,Employee_853,33,HR,Delhi,33000
1854,Employee_854,34,Finance,Mumbai,34000
1855,Employee_855,35,Sales,Bangalore,35000
1856,Employee_856,36,Marketing,Hyderabad,36000
1857,Employee_857,37,Support,Chennai,37000
1858,Employee_858,38,IT,Pune,38000
1859,Employee_859,39,HR,Delhi,39000
1860,Employee_860,40,Finance,Mumbai,40000
1861,Employee_861,20,Sales,Bangalore,41000
1862,Employee_862,21,Marketing,Hyderabad,42000
1863,Employee_863,22,Support,Chennai,43000
1864,Employee_864,23,IT,Pune,44000
1865,Employee_865,24,HR,Delhi,45000
1866,Employee_866,25,Finance,Mumbai,46000
1867,Employee_867,26,Sales,Bangalore,47000
1868,Employee_868,27,Marketing,Hyderabad,48000
1869,Employee_869,28,Support,Chennai,49000
1870,Employee_870,29,IT,Pune,50000
1871,Employee_871,30,HR,Delhi,51000
1872,Employee_872,31,Finance,Mumbai,52000
1873,Employee_873,32,Sales,Bangalore,53000
1874,Employee_874,33,Marketing,Hyderabad,54000
1875,Employee_875,34,Support,Chennai,55000
1876,Employee_876,35,IT,Pune,56000
1877,Employee_877,36,HR,Delhi,57000
1878,Employee_878,37,Finance,Mumbai,58000
1879,Employee_879,38,Sales,Bangalore,59000
1880,Employee_880,39,Marketing,Hyderabad,60000
1881,Employee_881,40,Support,Chennai,61000
1882,Employee_882,20,IT,Pune,62000
1883,Employee_883,21,HR,Delhi,63000
1884,Employee_884,22,Finance,Mumbai,64000
1885,Employee_885,23,Sales,Bangalore,65000
1886,Employee_886,24,Marketing,Hyderabad,66000
1887,Employee_887,25,Support,Chennai,67000
1888,Employee_888,26,IT,Pune,68000
1889,Employee_889,27,HR,Delhi,69000
1890,Employee_890,28,Finance,Mumbai,70000
1891,Employee_891,29,Sales,Bangalore,71000
1892,Employee_892,30,Marketing,Hyderabad,72000
1893,Employee_893,31,Support,Chennai,73000
1894,Employee_894,32,IT,Pune,74000
1895,Employee_895,33,HR,Delhi,75000
1896,Employee_896,34,Finance,Mumbai,76000
1897,Employee_897,35,Sales,Bangalore,77000
1898,Employee_898,36,Marketing,Hyderabad,78000
1899,Employee_899,37,Support,Chennai,79000
1900,Employee_900,38,IT,Pune,30000
1901,Employee_901,39,HR,Delhi,31000
1902,Employee_902,40,Finance,Mumbai,32000
1903,Employee_903,20,Sales,Bangalore,33000
1904,Employee_904,21,Marketing,Hyderabad,34000
1905,Employee_905,22,Support,Chennai,35000
1906,Employee_906,23,IT,Pune,36000
1907,Employee_907,24,HR,Delhi,37000
1908,Employee_908,25,Finance,Mumbai,38000
1909,Employee_909,26,Sales,Bangalore,39000
1910,Employee_910,27,Marketing,Hyderabad,40000
1911,Employee_911,28,Support,Chennai,41000
1912,Employee_912,29,IT,Pune,42000
1913,Employee_913,30,HR,Delhi,43000
1914,Employee_914,31,Finance,Mumbai,44000
1915,Employee_915,32,Sales,Bangalore,45000
1916,Employee_916,33,Marketing,Hyderabad,46000
1917,Employee_917,34,Support,Chennai,47000
1918,Employee_918,35,IT,Pune,48000
1919,Employee_919,36,HR,Delhi,49000
1920,Employee_920,37,Finance,Mumbai,50000
1921,Employee_921,38,Sales,Bangalore,51000
1922,Employee_922,39,Marketing,Hyderabad,52000
1923,Employee_923,40,Support,Chennai,53000
1924,Employee_924,20,IT,Pune,54000
1925,Employee_925,21,HR,Delhi,55000
1926,Employee_926,22,Finance,Mumbai,56000
1927,Employee_927,23,Sales,Bangalore,57000
1928,Employee_928,24,Marketing,Hyderabad,58000
1929,Employee_929,25,Support,Chennai,59000
1930,Employee_930,26,IT,Pune,60000
1931,Employee_931,27,HR,Delhi,61000
1932,Employee_932,28,Finance,Mumbai,62000
1933,Employee_933,29,Sales,Bangalore,63000
1934,Employee_934,30,Marketing,Hyderabad,64000
1935,Employee_935,31,Support,Chennai,65000
1936,Employee_936,32,IT,Pune,66000
1937,Employee_937,33,HR,Delhi,67000
1938,Employee_938,34,Finance,Mumbai,68000
1939,Employee_939,35,Sales,Bangalore,69000
1940,Employee_940,36,Marketing,Hyderabad,70000
1941,Employee_941,37,Support,Chennai,71000
1942,Employee_942,38,IT,Pune,72000
1943,Employee_943,39,HR,Delhi,73000
1944,Employee_944,40,Finance,Mumbai,74000
1945,Employee_945,20,Sales,Bangalore,75000
1946,Employee_946,21,Marketing,Hyderabad,76000
1947,Employee_947,22,Support,Chennai,77000
1948,Employee_948,23,IT,Pune,78000
1949,Employee_949,24,HR,Delhi,79000
1950,Employee_950,25,Finance,Mumbai,30000
1951,Employee_951,26,Sales,Bangalore,31000
1952,Employee_952,27,Marketing,Hyderabad,32000
1953,Employee_953,28,Support,Chennai,33000
1954,Employee_954,29,IT,Pune,34000
1955,Employee_955,30,HR,Delhi,35000
1956,Employee_956,31,Finance,Mumbai,36000
1957,Employee_957,32,Sales,Bangalore,37000
1958,Employee_958,33,Marketing,Hyderabad,38000
1959,Employee_959,34,Support,Chennai,39000
1960,Employee_960,35,IT,Pune,40000
1961,Employee_961,36,HR,Delhi,41000
1962,Employee_962,37,Finance,Mumbai,42000
1963,Employee_963,38,Sales,Bangalore,43000
1964,Employee_964,39,Marketing,Hyderabad,44000
1965,Employee_965,40,Support,Chennai,45000
1966,Employee_966,20,IT,Pune,46000
1967,Employee_967,21,HR,Delhi,47000
1968,Employee_968,22,Finance,Mumbai,48000
1969,Employee_969,23,Sales,Bangalore,49000
1970,Employee_970,24,Marketing,Hyderabad,50000
1971,Employee_971,25,Support,Chennai,51000
1972,Employee_972,26,IT,Pune,52000
1973,Employee_973,27,HR,Delhi,53000
1974,Employee_974,28,Finance,Mumbai,54000
1975,Employee_975,29,Sales,Bangalore,55000
1976,Employee_976,30,Marketing,Hyderabad,56000
1977,Employee_977,31,Support,Chennai,57000
1978,Employee_978,32,IT,Pune,58000
1979,Employee_979,33,HR,Delhi,59000
1980,Employee_980,34,Finance,Mumbai,60000
1981,Employee_981,35,Sales,Bangalore,61000
1982,Employee_982,36,Marketing,Hyderabad,62000
1983,Employee_983,37,Support,Chennai,63000
1984,Employee_984,38,IT,Pune,64000
1985,Employee_985,39,HR,Delhi,65000
1986,Employee_986,40,Finance,Mumbai,66000
1987,Employee_987,20,Sales,Bangalore,67000
1988,Employee_988,21,Marketing,Hyderabad,68000
1989,Employee_989,22,Support,Chennai,69000
1990,Employee_990,23,IT,Pune,70000
1991,Employee_991,24,HR,Delhi,71000
1992,Employee_992,25,Finance,Mumbai,72000
1993,Employee_993,26,Sales,Bangalore,73000
1994,Employee_994,27,Marketing,Hyderabad,74000
1995,Employee_995,28,Support,Chennai,75000
1996,Employee_996,29,IT,Pune,76000
1997,Employee_997,30,HR,Delhi,77000
1998,Employee_998,31,Finance,Mumbai,78000
1999,Employee_999,32,Sales,Bangalore,79000
2000,Employee_1000,33,Marketing,Hyderabad,30000
