Branch,Due Date,Invoice Type,Invoice date,Payment Terms,Invoice Amount,Invoice Number
Spokane,46095,Bill,2026-02-12 00:00:00,Net 60,11734.07,95696461
Spokane,46101,Bill,2026-02-18 00:00:00,Net 60,27312.32,9570303023
Spokane,46066,Bill,2026-01-14 00:00:00,Net 60,18352,95666360
Spokane,46108,Bill,2026-02-10 00:00:00,1% 30 NET 45,50179.75,9000111089_1
Spokane,46116,Bill,2026-02-18 00:00:00,1% 30 NET 45,2060.55,9000119763
Seattle,46122,Bill,2026-02-09 00:00:00,Net 60,1544.67,INV264718
Seattle,46085,Bill,2026-02-02 00:00:00,Net 30,1962,SI-323005 X
Seattle,46092,Bill,2026-02-09 00:00:00,1.5% 10 Net 30,3270.75,SI-323471
Seattle,46103,Bill,2026-02-20 00:00:00,Net 30,2951.2,119633M
Seattle,46099,Bill,2026-02-16 00:00:00,Net 30,509.12,CI000069035
Seattle,46080,Bill,2026-01-28 00:00:00,Net 30,1926.1,CI000067639
Seattle,46101,Bill,2026-02-18 00:00:00,Net 30,5018.19,168903
Spokane,46130,Bill,2026-02-17 00:00:00,Net 60,629.1,INV265786
Seattle,46110,Bill,2026-02-27 00:00:00,Net 30,1734,24636
Seattle,46110,Bill,2026-02-27 00:00:00,Net 30,14019.4,24635
Seattle,46092,Bill,2026-02-09 00:00:00,Net 30,726,44320
Seattle,46096,Bill,2026-02-13 00:00:00,Net 30,280.54,449552
Seattle,46101,Bill,2026-02-18 00:00:00,Net 30,777.5,449158 X
Seattle,46106,Bill,2026-02-23 00:00:00,Net 30,849.4,449609
Seattle,46106,Bill,2026-02-23 00:00:00,Net 30,764.08,449595
Seattle,46109,Bill,2026-02-26 00:00:00,Net 30,32955.5,449528
Seattle,46088,Bill,2026-02-05 00:00:00,Net 30,149.26,9874418
Seattle,46094,Bill,2026-02-11 00:00:00,2% 10 Net 30,115020,9879801
Seattle,46096,Bill,2026-02-13 00:00:00,2% 10 Net 30,54.12,9881930
Seattle,46106,Bill,2026-02-23 00:00:00,2% 10 Net 30,80.37,9887994
Seattle,46082,Bill,2026-01-30 00:00:00,Net 30,3644,558971
Seattle,46108,Bill,2026-02-25 00:00:00,Net 30,4180,562223
Class,Due Date,Type,Issue Date,Terms,Open Balance,Invoice Number
Seattle,46100,Bill,2026-02-17 00:00:00,Net 30,2602.1,266546
Seattle,46106,Bill,2026-02-23 00:00:00,Net 30,299.76,6377849-00
Seattle,46092,Bill,2026-02-09 00:00:00,1% 10 Net 30,8145,259616 X Partial Shi
Seattle,46094,Bill,2026-02-11 00:00:00,Net 30,3399.02,3141684
Seattle,46096,Bill,2026-02-13 00:00:00,2% 15 Net 30,615,74485
Seattle,46096,Bill,2026-02-13 00:00:00,2% 15 Net 30,185.99,74514
Seattle,46107,Bill,2026-02-24 00:00:00,2% 15 Net 30,1664.05,75315
Seattle,46092,Bill,2026-02-09 00:00:00,Net 30,120.26,WASE382545
Seattle,46095,Bill,2026-02-12 00:00:00,Net 30,705,WASE382595
Seattle,46103,Bill,2026-02-20 00:00:00,Net 30,3425.93,0731026-IN
Seattle,46104,Bill,2026-02-21 00:00:00,Net 60,4577.56,95706454
Seattle,46089,Bill,2026-02-06 00:00:00,1.5% 10 Net 30,34391.36,SI-323458
Seattle,46100,Bill,2026-02-17 00:00:00,1.5% 10 Net 30,20740,SI324005
Seattle,46085,Bill,2026-02-02 00:00:00,Net 30,7119.4,6334
Seattle,46080,Bill,2026-01-28 00:00:00,Net 30,1709.63,CI000067637
Seattle,46082,Bill,2026-01-30 00:00:00,Net 30,15742.7,22922
Seattle,46096,Bill,2026-02-13 00:00:00,Net 30,5505.4,23027
Seattle,46103,Bill,2026-02-20 00:00:00,Net 30,783,23082
Seattle,,Credit,2024-12-17 00:00:00,Immediate,-204.51,64197214-00
Seattle,46085,Bill,2026-02-02 00:00:00,Net 30,3987,106247
Seattle,46093,Bill,2026-02-10 00:00:00,Net 30,3027.73,106510
Spokane,46133,Bill,2026-02-20 00:00:00,2% 30 Net 60,19088.49,2612580705
Spokane,46106,Bill,2026-02-23 00:00:00,2% 15 Net 30,77.74,75190
Spokane,46079,Bill,2026-01-27 00:00:00,Net 30,3261.5,WASE382376
Spokane,46086,Bill,2026-02-03 00:00:00,Net 30,665,SI-323164
Spokane,46089,Bill,2026-02-06 00:00:00,1.5% 10 Net 30,23935,SI-323461
Spokane,46092,Bill,2026-02-09 00:00:00,Net 30,19653.4,SI-322595 X
Spokane,46101,Bill,2026-02-18 00:00:00,1.5% 10 Net 30,14791.48,SI-324277
Spokane,46106,Bill,2026-02-23 00:00:00,Net 30,3702.62,106891
Spokane,46078,Bill,2026-01-26 00:00:00,Net 30,16473.87,106064
Seattle,46089,Bill,2026-02-06 00:00:00,Net 30,1675,36365
Seattle,46093,Bill,2026-02-10 00:00:00,Net 30,842,24483
Seattle,,Credit,2025-12-01 00:00:00,Immediate,-1844.66,CM494
Seattle,,Credit,2025-10-29 00:00:00,Immediate,-250,247268CR
Seattle,46088,Bill,2026-02-05 00:00:00,Net 60,782.47,95679485 X
Seattle,46093,Bill,2026-02-10 00:00:00,Net 60,19305.21,95694260
Seattle,46102,Bill,2026-02-19 00:00:00,Net 60,381.14,95677611 X_1
Seattle,46102,Bill,2026-02-19 00:00:00,Net 60,6888.02,95703964
Seattle,46074,Bill,2026-01-22 00:00:00,Net 60,2079.65,95675799
Seattle,46090,Bill,2026-02-07 00:00:00,Net 30,22291.08,95691703
Seattle,46092,Bill,2026-02-09 00:00:00,Net 30,1300.5,95680246 X
Seattle,,Credit,2025-10-16 00:00:00,Immediate,-712.86,03016465CR
Seattle,,Credit,2025-06-22 00:00:00,Immediate,-1308.18,374031DUPL
Seattle,46100,Bill,2026-02-02 00:00:00,1% 30 NET 45,1438.08,9000101848X
Seattle,46107,Bill,2026-02-09 00:00:00,1% 30 NET 45,766.89,9000100465 X
Seattle,46114,Bill,2026-02-16 00:00:00,1% 30 NET 45,161.97,9000117643
Seattle,,Credit,2026-01-28 00:00:00,Immediate,-776,CM17011
Spokane,46130,Bill,2026-02-17 00:00:00,Net 60,6728.4,802785
Spokane,46130,Bill,2026-02-17 00:00:00,Net 60,627.6,802786
Spokane,46093,Bill,2026-02-10 00:00:00,Net 60,1400.12,95693685
Seattle,46099,Bill,2026-02-16 00:00:00,Net 30,1880,77-004
Seattle,46101,Bill,2026-02-18 00:00:00,Net 30,2520.5,INV201338
Seattle,46101,Bill,2026-02-18 00:00:00,Net 30,3291,INV201344
Seattle,46085,Bill,2026-02-02 00:00:00,Net 30,137.57,0465484-IN X
Seattle,46088,Bill,2026-02-05 00:00:00,Net 30,172.04,0465742-IN
Seattle,46093,Bill,2026-02-10 00:00:00,Net 30,1160.78,0465957-IN
Seattle,46108,Bill,2026-02-25 00:00:00,Net 30,19670,8569
Seattle,46085,Bill,2026-02-02 00:00:00,Net 30,3252.6,000801837 X
Seattle,46138,Bill,2026-02-25 00:00:00,Net 60,654.12,80338
Seattle,46139,Bill,2026-02-26 00:00:00,Net 60,447.12,803438
Seattle,46139,Bill,2026-02-26 00:00:00,Net 60,1475.91,803459
Seattle,46106,Bill,2026-02-23 00:00:00,Net 30,2287,182970400
Seattle,46109,Bill,2026-02-26 00:00:00,Net 30,217,810307330 X
Seattle,46085,Bill,2026-02-02 00:00:00,Net 30,134.04,11294X
Seattle,46085,Bill,2026-02-02 00:00:00,Net 30,248.31,11298X
Seattle,46096,Bill,2026-02-13 00:00:00,Net 30,174.83,11324
Seattle,46081,Bill,2026-01-29 00:00:00,Net 60,867.79,95682463
Seattle,46081,Bill,2026-01-29 00:00:00,Net 60,50,95682464
Seattle,46081,Bill,2026-01-29 00:00:00,Net 60,271.22,95682359
Seattle,46081,Bill,2026-01-29 00:00:00,Net 60,205.07,95682293
Seattle,46081,Bill,2026-01-29 00:00:00,Net 60,1124.6,95682193
Seattle,46081,Bill,2026-01-29 00:00:00,Net 60,528.56,95682212
Seattle,46081,Bill,2026-01-29 00:00:00,Net 60,568.11,95681996
Seattle,46081,Bill,2026-01-29 00:00:00,Net 60,275.85,95681654
Seattle,46081,Bill,2026-01-29 00:00:00,Net 60,8144.73,95681655
Seattle,46081,Bill,2026-01-29 00:00:00,Net 60,328.37,95681652
Seattle,46081,Bill,2026-01-29 00:00:00,Net 60,27.29,95681651
Seattle,46081,Bill,2026-01-29 00:00:00,Net 60,4863.28,95681741
Seattle,46081,Bill,2026-01-29 00:00:00,Net 60,7869.05,95681742
Seattle,46081,Bill,2026-01-29 00:00:00,Net 60,243.19,95682399
Seattle,46082,Bill,2026-01-30 00:00:00,Net 60,512.01,95683257
Seattle,46085,Bill,2026-02-02 00:00:00,Net 60,891.79,95682606 X
Seattle,46085,Bill,2026-02-02 00:00:00,Net 60,15.15,95682607X
Seattle,46085,Bill,2026-02-02 00:00:00,Net 60,492.98,95682747X
Seattle,46085,Bill,2026-02-02 00:00:00,Net 60,1043.05,95683144X
Seattle,46085,Bill,2026-02-02 00:00:00,Net 60,1051.88,95683342X
Seattle,46085,Bill,2026-02-02 00:00:00,Net 60,1559.61,95683303X
Seattle,46085,Bill,2026-02-02 00:00:00,Net 60,1373.94,95683460X
Seattle,46085,Bill,2026-02-02 00:00:00,Net 60,488.08,95683422X
Seattle,46085,Bill,2026-02-02 00:00:00,Net 60,145.48,95683723X
Seattle,46085,Bill,2026-02-02 00:00:00,Net 60,124.79,95683806X
Seattle,46085,Bill,2026-02-02 00:00:00,Net 60,84.11,95683805X
Seattle,46085,Bill,2026-02-02 00:00:00,Net 60,994.25,95683956X
Seattle,46085,Bill,2026-02-02 00:00:00,Net 60,45888.3,95683928X
Seattle,46085,Bill,2026-02-02 00:00:00,Net 60,283.38,95684128X
Seattle,46085,Bill,2026-02-02 00:00:00,Net 60,521.99,95684129X
Seattle,46085,Bill,2026-02-02 00:00:00,Net 60,739.65,95684150X
Seattle,46085,Bill,2026-02-02 00:00:00,Net 60,78.68,95684274X
Seattle,46085,Bill,2026-02-02 00:00:00,Net 60,146.9,95684459X
Seattle,46085,Bill,2026-02-02 00:00:00,Net 60,1326.61,95684557X
Seattle,46085,Bill,2026-02-02 00:00:00,Net 60,1023.47,95684809
Seattle,46085,Bill,2026-02-02 00:00:00,Net 60,4074.24,95684808
Seattle,46085,Bill,2026-02-02 00:00:00,Net 60,4212.3,95684810
Seattle,46085,Bill,2026-02-02 00:00:00,Net 60,1683.15,95684843
Seattle,46085,Bill,2026-02-02 00:00:00,Net 60,252.79,95685330
Seattle,46085,Bill,2026-02-02 00:00:00,Net 60,515.21,95685447
Seattle,46085,Bill,2026-02-02 00:00:00,Net 60,1333.16,95685104
Seattle,46085,Bill,2026-02-02 00:00:00,Net 60,1113.15,95685827
Seattle,46085,Bill,2026-02-02 00:00:00,Net 60,701.77,95685770
Seattle,46085,Bill,2026-02-02 00:00:00,Net 60,817.17,95685690
Seattle,46085,Bill,2026-02-02 00:00:00,Net 60,6838.81,95685687
Seattle,46085,Bill,2026-02-02 00:00:00,Net 60,454.31,95685467
Seattle,46085,Bill,2026-02-02 00:00:00,Net 60,55.2,95685033
Seattle,46085,Bill,2026-02-02 00:00:00,Net 60,852.14,95685692
Seattle,46085,Bill,2026-02-02 00:00:00,Net 60,18074.44,95685888
Seattle,46085,Bill,2026-02-02 00:00:00,Net 60,7066.08,95685944
Seattle,46086,Bill,2026-02-03 00:00:00,Net 60,2232.46,95686201
Seattle,46086,Bill,2026-02-03 00:00:00,Net 60,329.01,95635945
Seattle,46086,Bill,2026-02-03 00:00:00,Net 60,358.56,95685879
Seattle,46086,Bill,2026-02-03 00:00:00,Net 60,1022.94,95685887
Seattle,46086,Bill,2026-02-03 00:00:00,Net 60,56.64,95685906
Seattle,46086,Bill,2026-02-03 00:00:00,Net 60,2147.55,95687037
Seattle,46086,Bill,2026-02-03 00:00:00,Net 60,162.7,95687229
Seattle,46086,Bill,2026-02-03 00:00:00,Net 60,5647.25,95687099
Seattle,46086,Bill,2026-02-03 00:00:00,Net 60,521.59,95687038
Seattle,46086,Bill,2026-02-03 00:00:00,Net 60,181.35,95687272
Seattle,46086,Bill,2026-02-03 00:00:00,Net 60,44001.17,95687445
Seattle,46087,Bill,2026-02-04 00:00:00,Net 60,3101.15,95687592
Seattle,46087,Bill,2026-02-04 00:00:00,Net 60,313.02,95687591
Seattle,46087,Bill,2026-02-04 00:00:00,Net 60,2685.64,95687807
Seattle,46087,Bill,2026-02-04 00:00:00,Net 60,4892.18,95687671
Seattle,46087,Bill,2026-02-04 00:00:00,Net 60,621.15,95687880
Seattle,46087,Bill,2026-02-04 00:00:00,Net 60,159.94,95688074
Seattle,46087,Bill,2026-02-04 00:00:00,Net 60,406.29,95688290
Seattle,46087,Bill,2026-02-04 00:00:00,Net 60,599.68,95688379
Seattle,46087,Bill,2026-02-04 00:00:00,Net 60,1042.62,95688354
Seattle,46087,Bill,2026-02-04 00:00:00,Net 60,3013,95688424
Seattle,46087,Bill,2026-02-04 00:00:00,Net 60,2852.51,95688549
Seattle,46087,Bill,2026-02-04 00:00:00,Net 60,48.57,95688706
Seattle,46087,Bill,2026-02-04 00:00:00,Net 60,1151.35,95688603
Seattle,46087,Bill,2026-02-04 00:00:00,Net 60,3101.35,95688825
Seattle,46087,Bill,2026-02-04 00:00:00,Net 60,215.43,95688842
Seattle,46088,Bill,2026-02-05 00:00:00,Net 60,3883.79,95689715
Seattle,46088,Bill,2026-02-05 00:00:00,Net 60,2254.55,95689007
Seattle,46088,Bill,2026-02-05 00:00:00,Net 60,5957.59,95689372
Seattle,46088,Bill,2026-02-05 00:00:00,Net 60,2323.37,95689595
Seattle,46088,Bill,2026-02-05 00:00:00,Net 60,118.07,95689669
Seattle,46088,Bill,2026-02-05 00:00:00,Net 60,6929.88,95688950
Seattle,46088,Bill,2026-02-05 00:00:00,Net 60,423.03,95689933
Seattle,46088,Bill,2026-02-05 00:00:00,Net 60,957.16,95690102
Seattle,46088,Bill,2026-02-05 00:00:00,Net 60,15633.74,95690052
Seattle,46088,Bill,2026-02-05 00:00:00,Net 60,228.69,95690054
Seattle,46088,Bill,2026-02-05 00:00:00,Net 60,13120.71,95690053
Seattle,46088,Bill,2026-02-05 00:00:00,Net 60,3287.34,95689971
Seattle,46088,Bill,2026-02-05 00:00:00,Net 60,172.12,95690206
Seattle,46089,Bill,2026-02-06 00:00:00,Net 60,2104.23,95683143 X
Seattle,46089,Bill,2026-02-06 00:00:00,Net 60,25839.12,95685059 X
Seattle,46089,Bill,2026-02-06 00:00:00,Net 60,2687.73,95690483
Seattle,46089,Bill,2026-02-06 00:00:00,Net 60,2607.36,95690696
Seattle,46089,Bill,2026-02-06 00:00:00,Net 60,613.26,95690773
Seattle,46089,Bill,2026-02-06 00:00:00,Net 60,593.32,95690899
Seattle,46089,Bill,2026-02-06 00:00:00,Net 60,3567.18,95690972
Seattle,46089,Bill,2026-02-06 00:00:00,Net 60,227.33,95691066
Seattle,46089,Bill,2026-02-06 00:00:00,Net 60,513.18,95691081
Seattle,46089,Bill,2026-02-06 00:00:00,Net 60,494.12,95691170
Seattle,46089,Bill,2026-02-06 00:00:00,Net 60,6589.44,95691228
Seattle,46089,Bill,2026-02-06 00:00:00,Net 60,801.41,95691272
Seattle,46090,Bill,2026-02-07 00:00:00,Net 60,339.48,95691702
Seattle,46092,Bill,2026-02-09 00:00:00,Net 60,2840.1,95677486 X
Seattle,46092,Bill,2026-02-09 00:00:00,Net 60,5612.05,95691969
Seattle,46092,Bill,2026-02-09 00:00:00,Net 60,493.72,95692614
Seattle,46092,Bill,2026-02-09 00:00:00,Net 60,136.46,95692932
Seattle,46092,Bill,2026-02-09 00:00:00,Net 60,193.71,95692934
Seattle,46092,Bill,2026-02-09 00:00:00,Net 60,982.65,956952935
Seattle,46092,Bill,2026-02-09 00:00:00,Net 60,1711.08,95692978
Seattle,46092,Bill,2026-02-09 00:00:00,Net 60,211.75,95693160
Seattle,46093,Bill,2026-02-10 00:00:00,Net 60,1382.78,95693421
Seattle,46093,Bill,2026-02-10 00:00:00,Net 60,556.14,95693245
Seattle,46093,Bill,2026-02-10 00:00:00,Net 60,623.57,95693353
Seattle,46093,Bill,2026-02-10 00:00:00,Net 60,83474.04,95693552
Seattle,46093,Bill,2026-02-10 00:00:00,Net 60,2132.5,95693558
Seattle,46093,Bill,2026-02-10 00:00:00,Net 60,2463.79,95694015
Seattle,46093,Bill,2026-02-10 00:00:00,Net 60,2896.83,95694218
Seattle,46093,Bill,2026-02-10 00:00:00,Net 60,1015.57,95694339
Seattle,46093,Bill,2026-02-10 00:00:00,Net 60,1251.08,95694338
Seattle,46093,Bill,2026-02-10 00:00:00,Net 60,568.11,95694394
Seattle,46093,Bill,2026-02-10 00:00:00,Net 60,382.47,95694525
Seattle,46093,Bill,2026-02-10 00:00:00,Net 60,143.83,95694523
Seattle,46093,Bill,2026-02-10 00:00:00,Net 60,281.81,95694522
Seattle,46093,Bill,2026-02-10 00:00:00,Net 60,111.9,95694562
Seattle,46093,Bill,2026-02-10 00:00:00,Net 60,849.03,95694536
Seattle,46093,Bill,2026-02-10 00:00:00,Net 60,880.35,95694567
Seattle,46093,Bill,2026-02-10 00:00:00,Net 60,278.46,95694524
Seattle,46093,Bill,2026-02-10 00:00:00,Net 60,28463.28,95694749
Seattle,46093,Bill,2026-02-10 00:00:00,Net 60,172.12,95694654
Seattle,46093,Bill,2026-02-10 00:00:00,Net 60,339.22,95694688
Seattle,46093,Bill,2026-02-10 00:00:00,Net 60,336.04,95694594
Seattle,46093,Bill,2026-02-10 00:00:00,Net 60,571.74,95694454
Seattle,46093,Bill,2026-02-10 00:00:00,Net 60,139.23,95694313
Seattle,46093,Bill,2026-02-10 00:00:00,Net 60,55822.61,95694751
Seattle,46093,Bill,2026-02-10 00:00:00,Net 60,12586.92,95693419
Seattle,46093,Bill,2026-02-10 00:00:00,Net 60,428.19,95694610
Seattle,46094,Bill,2026-02-11 00:00:00,Net 60,852.91,95694981
Seattle,46094,Bill,2026-02-11 00:00:00,Net 60,910.18,95694983
Seattle,46094,Bill,2026-02-11 00:00:00,Net 60,4427.02,95695371
Seattle,46094,Bill,2026-02-11 00:00:00,Net 60,639.92,95695370
Seattle,46094,Bill,2026-02-11 00:00:00,Net 60,130.5,95695551
Seattle,46094,Bill,2026-02-11 00:00:00,Net 60,692.39,95695329
Seattle,46094,Bill,2026-02-11 00:00:00,Net 60,6788.74,95695575
Seattle,46094,Bill,2026-02-11 00:00:00,Net 60,137.18,95695493
Seattle,46094,Bill,2026-02-11 00:00:00,Net 60,1427.34,95695576
Seattle,46094,Bill,2026-02-11 00:00:00,Net 60,899.68,95695731
Seattle,46094,Bill,2026-02-11 00:00:00,Net 60,979,95695732
Seattle,46094,Bill,2026-02-11 00:00:00,Net 60,26576.34,95695191
Seattle,46094,Bill,2026-02-11 00:00:00,Net 60,320.32,95696140
Seattle,46094,Bill,2026-02-11 00:00:00,Net 60,512.77,95696212
Seattle,46094,Bill,2026-02-11 00:00:00,Net 60,179.28,95695948
Seattle,46094,Bill,2026-02-11 00:00:00,Net 60,140.15,95696051
Seattle,46094,Bill,2026-02-11 00:00:00,Net 60,102.17,95696315
Seattle,46094,Bill,2026-02-11 00:00:00,Net 60,1139.84,95696192
Seattle,46094,Bill,2026-02-11 00:00:00,Net 60,24.56,95695949
Seattle,46095,Bill,2026-02-12 00:00:00,Net 60,1654.08,95696460
Seattle,46095,Bill,2026-02-12 00:00:00,Net 60,1062.41,95696529
Seattle,46095,Bill,2026-02-12 00:00:00,Net 60,810,95696625
Seattle,46095,Bill,2026-02-12 00:00:00,Net 60,30777.78,95697656
Seattle,46095,Bill,2026-02-12 00:00:00,Net 60,626.98,95697655
Seattle,46095,Bill,2026-02-12 00:00:00,Net 60,534.22,95697676
Seattle,46095,Bill,2026-02-12 00:00:00,Net 60,126.16,95697728
Seattle,46095,Bill,2026-02-12 00:00:00,Net 60,80.82,95697451
Seattle,46095,Bill,2026-02-12 00:00:00,Net 60,1224.28,95697579
Seattle,46095,Bill,2026-02-12 00:00:00,Net 60,2292.99,95697345
Seattle,46096,Bill,2026-02-13 00:00:00,Net 60,3036.73,95698820
Seattle,46096,Bill,2026-02-13 00:00:00,Net 60,1607.49,95698821
Seattle,46096,Bill,2026-02-13 00:00:00,Net 60,1683.84,95698788
Seattle,46096,Bill,2026-02-13 00:00:00,Net 60,476.92,95698721
Seattle,46096,Bill,2026-02-13 00:00:00,Net 60,214.36,95698002
Seattle,46096,Bill,2026-02-13 00:00:00,Net 60,3053.11,95698001
Seattle,46096,Bill,2026-02-13 00:00:00,Net 60,5808.76,95698000
Seattle,46096,Bill,2026-02-13 00:00:00,Net 60,271.33,95698926
Seattle,46096,Bill,2026-02-13 00:00:00,Net 60,288.53,95698928
Seattle,46096,Bill,2026-02-13 00:00:00,Net 60,1356.73,95699029
Seattle,46096,Bill,2026-02-13 00:00:00,Net 60,707.16,95698957
Seattle,46096,Bill,2026-02-13 00:00:00,Net 60,765.44,95699113
Seattle,46096,Bill,2026-02-13 00:00:00,Net 60,238.06,95699182
Seattle,46096,Bill,2026-02-13 00:00:00,Net 60,11368.44,95699028
Seattle,46096,Bill,2026-02-13 00:00:00,Net 60,939.52,95698929
Seattle,46099,Bill,2026-02-16 00:00:00,Net 60,113.32,95673713 X
Seattle,46099,Bill,2026-02-16 00:00:00,Net 60,1328.92,95699442
Seattle,46099,Bill,2026-02-16 00:00:00,Net 60,4800.99,95699443
Seattle,46099,Bill,2026-02-16 00:00:00,Net 60,5454.11,95699511
Seattle,46099,Bill,2026-02-16 00:00:00,Net 60,2860.72,95699444
Seattle,46099,Bill,2026-02-16 00:00:00,Net 60,2936.65,95699512
Seattle,46099,Bill,2026-02-16 00:00:00,Net 60,356.09,95699632
Seattle,46099,Bill,2026-02-16 00:00:00,Net 60,526.08,95699701
Seattle,46099,Bill,2026-02-16 00:00:00,Net 60,654.32,95699881
Seattle,46099,Bill,2026-02-16 00:00:00,Net 60,619.75,95699810
Seattle,46099,Bill,2026-02-16 00:00:00,Net 60,464.75,95699955
Seattle,46099,Bill,2026-02-16 00:00:00,Net 60,321.63,95700497
Seattle,46099,Bill,2026-02-16 00:00:00,Net 60,89.93,95700498
Seattle,46099,Bill,2026-02-16 00:00:00,Net 60,296.3,95700500
Seattle,46099,Bill,2026-02-16 00:00:00,Net 60,1229.37,95700551
Seattle,46099,Bill,2026-02-16 00:00:00,Net 60,104.51,95700501
Seattle,46099,Bill,2026-02-16 00:00:00,Net 60,2234.26,95700499
Seattle,46099,Bill,2026-02-16 00:00:00,Net 60,928.32,95700521
Seattle,46100,Bill,2026-02-17 00:00:00,Net 60,73.8,95700960
Seattle,46100,Bill,2026-02-17 00:00:00,Net 60,12140.31,95700925
Seattle,46100,Bill,2026-02-17 00:00:00,Net 60,1782.99,95701130
Seattle,46100,Bill,2026-02-17 00:00:00,Net 60,250,95700267
Seattle,46100,Bill,2026-02-17 00:00:00,Net 60,2311.82,95701201
Seattle,46100,Bill,2026-02-17 00:00:00,Net 60,3736.09,95701516
Seattle,46100,Bill,2026-02-17 00:00:00,Net 60,3664.12,95701723
Seattle,46100,Bill,2026-02-17 00:00:00,Net 60,2000.35,95701823
Seattle,46100,Bill,2026-02-17 00:00:00,Net 60,2253.93,95701843
Seattle,46100,Bill,2026-02-17 00:00:00,Net 60,136.98,95701927
Seattle,46100,Bill,2026-02-17 00:00:00,Net 60,2049.84,95701722
Seattle,46100,Bill,2026-02-17 00:00:00,Net 60,1119.54,95701926
Seattle,46101,Bill,2026-02-18 00:00:00,Net 60,4370.17,95702322
Seattle,46101,Bill,2026-02-18 00:00:00,Net 60,19252.8,95702250
Seattle,46101,Bill,2026-02-18 00:00:00,Net 60,190.82,95702251
Seattle,46101,Bill,2026-02-18 00:00:00,Net 60,242.83,95703534
Seattle,46101,Bill,2026-02-18 00:00:00,Net 60,377.16,95703555
Seattle,46101,Bill,2026-02-18 00:00:00,Net 60,575.08,95703654
Seattle,46101,Bill,2026-02-18 00:00:00,Net 60,3735.9,95703510
Seattle,46101,Bill,2026-02-18 00:00:00,Net 60,175.21,95703512
Seattle,46102,Bill,2026-02-19 00:00:00,Net 60,3028.3,95703829
Seattle,46102,Bill,2026-02-19 00:00:00,Net 60,307.25,95703834
Seattle,46102,Bill,2026-02-19 00:00:00,Net 60,89.04,95703835
Seattle,46102,Bill,2026-02-19 00:00:00,Net 60,857.75,95703832
Seattle,46102,Bill,2026-02-19 00:00:00,Net 60,476.79,95703899
Seattle,46102,Bill,2026-02-19 00:00:00,Net 60,1580.36,95704311
Seattle,46102,Bill,2026-02-19 00:00:00,Net 60,4803.19,95704297
Seattle,46102,Bill,2026-02-19 00:00:00,Net 60,84.85,95704459
Seattle,46102,Bill,2026-02-19 00:00:00,Net 60,334.72,95704695
Seattle,46102,Bill,2026-02-19 00:00:00,Net 60,3105.07,95704863
Seattle,46102,Bill,2026-02-19 00:00:00,Net 60,675.44,95704864
Seattle,46102,Bill,2026-02-19 00:00:00,Net 60,1123.1,95704865
Seattle,46102,Bill,2026-02-19 00:00:00,Net 60,1780.43,95704861
Seattle,46102,Bill,2026-02-19 00:00:00,Net 60,3544.32,95704862
Seattle,46103,Bill,2026-02-20 00:00:00,Net 60,5788.24,95705293
Seattle,46103,Bill,2026-02-20 00:00:00,Net 60,11579.24,95705294
Seattle,46103,Bill,2026-02-20 00:00:00,Net 60,60.96,95705297
Seattle,46103,Bill,2026-02-20 00:00:00,Net 60,653.08,95705296
Seattle,46103,Bill,2026-02-20 00:00:00,Net 60,428.29,95705381
Seattle,46103,Bill,2026-02-20 00:00:00,Net 60,890.85,95705735
Seattle,46103,Bill,2026-02-20 00:00:00,Net 60,13190.89,95705869
Seattle,46103,Bill,2026-02-20 00:00:00,Net 60,819.22,95705767
Seattle,46103,Bill,2026-02-20 00:00:00,Net 60,871.88,95705965
Seattle,46103,Bill,2026-02-20 00:00:00,Net 60,7397.79,95705982
Seattle,46103,Bill,2026-02-20 00:00:00,Net 60,462.87,95706072
Seattle,46103,Bill,2026-02-20 00:00:00,Net 60,1735.49,95706161
Seattle,46103,Bill,2026-02-20 00:00:00,Net 60,183.42,95706073
Seattle,46104,Bill,2026-02-21 00:00:00,Net 60,1734.42,95706403
Seattle,46106,Bill,2026-02-23 00:00:00,Net 60,1201.4,95706660
Seattle,46106,Bill,2026-02-23 00:00:00,Net 60,905.97,9570663
Seattle,46106,Bill,2026-02-23 00:00:00,Net 60,4527.87,95706662
Seattle,46106,Bill,2026-02-23 00:00:00,Net 60,8998.87,95706658
Seattle,46106,Bill,2026-02-23 00:00:00,Net 60,2931.27,95706659
Seattle,46106,Bill,2026-02-23 00:00:00,Net 60,441.48,95706661
Seattle,46106,Bill,2026-02-23 00:00:00,Net 60,1869.92,95706938
Seattle,46106,Bill,2026-02-23 00:00:00,Net 60,10910.68,95707154
Seattle,46106,Bill,2026-02-23 00:00:00,Net 60,1141.59,95706972
Seattle,46106,Bill,2026-02-23 00:00:00,Net 60,3422.85,95707369
Seattle,46106,Bill,2026-02-23 00:00:00,Net 60,2232.02,95707529
Seattle,46106,Bill,2026-02-23 00:00:00,Net 60,3618.5,95707562
Seattle,46106,Bill,2026-02-23 00:00:00,Net 60,822.92,95707561
Seattle,46106,Bill,2026-02-23 00:00:00,Net 60,2566.69,95707930
Seattle,46106,Bill,2026-02-23 00:00:00,Net 60,616.7,95707977
Seattle,46107,Bill,2026-02-24 00:00:00,Net 60,2034.03,95708118
Seattle,46107,Bill,2026-02-24 00:00:00,Net 60,4987.56,95708117
Seattle,46107,Bill,2026-02-24 00:00:00,Net 60,102.05,95708515
Seattle,46107,Bill,2026-02-24 00:00:00,Net 60,657.15,95708514
Seattle,46107,Bill,2026-02-24 00:00:00,Net 60,235.45,95709072
Seattle,46108,Bill,2026-02-25 00:00:00,Net 60,11308.87,95709576
Seattle,46108,Bill,2026-02-25 00:00:00,Net 60,1336.27,95709653
Seattle,46108,Bill,2026-02-25 00:00:00,Net 60,1256.66,95709655
Seattle,46108,Bill,2026-02-25 00:00:00,Net 60,483.02,9570967
Seattle,46108,Bill,2026-02-25 00:00:00,Net 60,3446.1,95710016
Seattle,46108,Bill,2026-02-25 00:00:00,Net 60,293.85,95710295
Seattle,46108,Bill,2026-02-25 00:00:00,Net 60,409.08,95710425
Seattle,46108,Bill,2026-02-25 00:00:00,Net 60,128.48,95710426
Seattle,46108,Bill,2026-02-25 00:00:00,Net 60,7165.26,95710229
Seattle,46108,Bill,2026-02-25 00:00:00,Net 60,3581.7,95710648
Seattle,46108,Bill,2026-02-25 00:00:00,Net 60,272.03,95710605
Seattle,46108,Bill,2026-02-25 00:00:00,Net 60,468.7,95710604
Seattle,46108,Bill,2026-02-25 00:00:00,Net 60,423.66,95710566
Seattle,46108,Bill,2026-02-25 00:00:00,Net 60,3203.29,95710776
Seattle,46108,Bill,2026-02-25 00:00:00,Net 60,3356.7,95710715
Seattle,46108,Bill,2026-02-25 00:00:00,Net 60,282.79,95710765
Seattle,46109,Bill,2026-02-26 00:00:00,Net 60,624.99,957110068
Seattle,46109,Bill,2026-02-26 00:00:00,Net 60,223.26,95711069
Seattle,46109,Bill,2026-02-26 00:00:00,Net 60,164.98,95711070
Seattle,46109,Bill,2026-02-26 00:00:00,Net 60,680.29,95711296
Seattle,46109,Bill,2026-02-26 00:00:00,Net 60,23054.22,95711706
Seattle,46109,Bill,2026-02-26 00:00:00,Net 60,1051.4,95712212
Seattle,46109,Bill,2026-02-26 00:00:00,Net 60,734.23,95712306
Seattle,46109,Bill,2026-02-26 00:00:00,Net 60,734.23,95712308
Seattle,46109,Bill,2026-02-26 00:00:00,Net 60,267.77,95712211
Seattle,46109,Bill,2026-02-26 00:00:00,Net 60,28.51,95712381
Seattle,46109,Bill,2026-02-26 00:00:00,Net 60,734.23,95712307
Seattle,46109,Bill,2026-02-26 00:00:00,Net 60,1331.22,95712305
Seattle,46109,Bill,2026-02-26 00:00:00,Net 60,201.65,95712380
Seattle,46109,Bill,2026-02-26 00:00:00,Net 60,1715.51,95712226
Seattle,46109,Bill,2026-02-26 00:00:00,Net 60,431.1,95712557
Seattle,46110,Bill,2026-02-27 00:00:00,Net 60,2080.97,95712695
Seattle,46110,Bill,2026-02-27 00:00:00,Net 60,487.62,95713151
Seattle,46110,Bill,2026-02-27 00:00:00,Net 60,12460.71,95713363
Seattle,46110,Bill,2026-02-27 00:00:00,Net 60,102.05,95713364
Seattle,46110,Bill,2026-02-27 00:00:00,Net 60,407.92,95713427
Seattle,46051,Bill,2025-12-30 00:00:00,Net 60,2635.35,95650212
Seattle,46051,Bill,2025-12-30 00:00:00,Net 60,2515.75,95652728
Seattle,46051,Bill,2025-12-30 00:00:00,Net 60,1654.79,95653026
Seattle,46051,Bill,2025-12-30 00:00:00,Net 60,4917.7,95652973
Seattle,46051,Bill,2025-12-30 00:00:00,Net 60,4203.96,95652974
Seattle,46051,Bill,2025-12-30 00:00:00,Net 60,1558.27,95653029
Seattle,46051,Bill,2025-12-30 00:00:00,Net 60,2564.02,95653121
Seattle,46051,Bill,2025-12-30 00:00:00,Net 60,1055.32,95653710
Seattle,46051,Bill,2025-12-30 00:00:00,Net 60,1796.15,95654367
Seattle,46051,Bill,2025-12-30 00:00:00,Net 60,1259.81,95654054
Seattle,46051,Bill,2025-12-30 00:00:00,Net 60,1223.15,95654690
Seattle,46052,Bill,2025-12-31 00:00:00,Net 60,4261.7,95633745
Seattle,46052,Bill,2025-12-31 00:00:00,Net 60,8458.54,95652170
Seattle,46052,Bill,2025-12-31 00:00:00,Net 60,19989.28,95654738
Seattle,46052,Bill,2025-12-31 00:00:00,Net 60,1186,95654940
Seattle,46052,Bill,2025-12-31 00:00:00,Net 60,7106.02,95655254
Seattle,46052,Bill,2025-12-31 00:00:00,Net 60,1091.36,95655407
Seattle,46054,Bill,2026-01-02 00:00:00,Net 60,81.57,95655801
Seattle,46057,Bill,2026-01-05 00:00:00,Net 60,1882,95656292
Seattle,46057,Bill,2026-01-05 00:00:00,Net 60,11990.3,95655933
Seattle,46057,Bill,2026-01-05 00:00:00,Net 60,1803.57,95656378
Seattle,46057,Bill,2026-01-05 00:00:00,Net 60,606.91,95656334
Seattle,46057,Bill,2026-01-05 00:00:00,Net 60,186.37,95656410
Seattle,46057,Bill,2026-01-05 00:00:00,Net 60,3764.7,95655660 X
Seattle,46057,Bill,2026-01-05 00:00:00,Net 60,103.07,95656783
Seattle,46057,Bill,2026-01-05 00:00:00,Net 60,2597.03,95656926
Seattle,46057,Bill,2026-01-05 00:00:00,Net 60,156.84,95657295
Seattle,46057,Bill,2026-01-05 00:00:00,Net 60,435.01,95657094
Seattle,46057,Bill,2026-01-05 00:00:00,Net 60,39141.52,95657365
Seattle,46057,Bill,2026-01-05 00:00:00,Net 60,67506.68,95657364
Seattle,46057,Bill,2026-01-05 00:00:00,Net 60,361.77,95654316 X
Seattle,46058,Bill,2026-01-06 00:00:00,Net 60,739.27,95657586
Seattle,46058,Bill,2026-01-06 00:00:00,Net 60,235.72,95657968
Seattle,46058,Bill,2026-01-06 00:00:00,Net 60,372.37,95657938
Seattle,46058,Bill,2026-01-06 00:00:00,Net 60,1774.4,95657939
Seattle,46058,Bill,2026-01-06 00:00:00,Net 60,294.01,95658076
Seattle,46058,Bill,2026-01-06 00:00:00,Net 60,764.68,95658018
Seattle,46059,Bill,2026-01-07 00:00:00,Net 60,3135.03,95658447
Seattle,46059,Bill,2026-01-07 00:00:00,Net 60,78.68,95658645
Seattle,46059,Bill,2026-01-07 00:00:00,Net 60,367.01,95658839
Seattle,46059,Bill,2026-01-07 00:00:00,Net 60,147.33,95658982
Seattle,46059,Bill,2026-01-07 00:00:00,Net 60,305.26,95658870
Seattle,46059,Bill,2026-01-07 00:00:00,Net 60,578.28,95658869
Seattle,46059,Bill,2026-01-07 00:00:00,Net 60,35.87,95658838
Seattle,46059,Bill,2026-01-07 00:00:00,Net 60,3717.53,95659176
Seattle,46059,Bill,2026-01-07 00:00:00,Net 60,286.81,95659242
Seattle,46059,Bill,2026-01-07 00:00:00,Net 60,1282.52,95659241
Seattle,46059,Bill,2026-01-07 00:00:00,Net 60,401.88,95659343
Seattle,46059,Bill,2026-01-07 00:00:00,Net 60,3044.15,95659050
Seattle,46059,Bill,2026-01-07 00:00:00,Net 60,589.38,95659745
Seattle,46059,Bill,2026-01-07 00:00:00,Net 60,31.16,95659503
Seattle,46060,Bill,2026-01-08 00:00:00,Net 60,1190.04,95660072
Seattle,46060,Bill,2026-01-08 00:00:00,Net 60,449.36,95660109
Seattle,46060,Bill,2026-01-08 00:00:00,Net 60,1216.19,95660145
Seattle,46060,Bill,2026-01-08 00:00:00,Net 60,191.86,95660142
Seattle,46060,Bill,2026-01-08 00:00:00,Net 60,1162.62,95660141
Seattle,46060,Bill,2026-01-08 00:00:00,Net 60,87887.57,95660196
Seattle,46060,Bill,2026-01-08 00:00:00,Net 60,939.94,95660256
Seattle,46060,Bill,2026-01-08 00:00:00,Net 60,254.99,95660298
Seattle,46060,Bill,2026-01-08 00:00:00,Net 60,1684.08,95660515
Seattle,46060,Bill,2026-01-08 00:00:00,Net 60,3150.97,95660675
Seattle,46060,Bill,2026-01-08 00:00:00,Net 60,10459.47,95660768
Seattle,46061,Bill,2026-01-09 00:00:00,Net 60,1449.06,95660722
Seattle,46061,Bill,2026-01-09 00:00:00,Net 60,9717.32,95660925
Seattle,46061,Bill,2026-01-09 00:00:00,Net 60,5033.95,95660980
Seattle,46061,Bill,2026-01-09 00:00:00,Net 60,2030.82,95661189
Seattle,46061,Bill,2026-01-09 00:00:00,Net 60,435.01,95659298
Seattle,46061,Bill,2026-01-09 00:00:00,Net 60,8973.24,95661427
Seattle,46061,Bill,2026-01-09 00:00:00,Net 60,5414.16,95661428
Seattle,46061,Bill,2026-01-09 00:00:00,Net 60,927.9,95661430
Seattle,46061,Bill,2026-01-09 00:00:00,Net 60,1535.02,95661654
Seattle,46061,Bill,2026-01-09 00:00:00,Net 60,1950.72,95661592
Seattle,46061,Bill,2026-01-09 00:00:00,Net 60,753.72,95661668
Seattle,46061,Bill,2026-01-09 00:00:00,Net 60,518.38,95662226
Seattle,46061,Bill,2026-01-09 00:00:00,Net 60,428.29,95662241
Seattle,46061,Bill,2026-01-09 00:00:00,Net 60,409.08,95662318
Seattle,46061,Bill,2026-01-09 00:00:00,Net 60,1408.92,95662511
Seattle,46061,Bill,2026-01-09 00:00:00,Net 60,2256.43,95662854
Seattle,46061,Bill,2026-01-09 00:00:00,Net 60,232.32,95662745
Seattle,46061,Bill,2026-01-09 00:00:00,Net 60,3650.39,95662884
Seattle,46061,Bill,2026-01-09 00:00:00,Net 60,1389.12,95662992
Seattle,46061,Bill,2026-01-09 00:00:00,Net 60,4670.75,95663089
Seattle,46061,Bill,2026-01-09 00:00:00,Net 60,11242.72,95662950
Seattle,46061,Bill,2026-01-09 00:00:00,Net 60,1273.16,95663156
Seattle,46061,Bill,2026-01-09 00:00:00,Net 60,149.22,95663090
Seattle,46064,Bill,2026-01-12 00:00:00,Net 60,1007.9,95663404
Seattle,46064,Bill,2026-01-12 00:00:00,Net 60,4634.04,95663405
Seattle,46064,Bill,2026-01-12 00:00:00,Net 60,1097.5,95663915
Seattle,46064,Bill,2026-01-12 00:00:00,Net 60,5202.4,95663993
Seattle,46064,Bill,2026-01-12 00:00:00,Net 60,1484.37,95664059
Seattle,46064,Bill,2026-01-12 00:00:00,Net 60,1548.18,95664058
Seattle,46064,Bill,2026-01-12 00:00:00,Net 60,471.14,95663834
Seattle,46064,Bill,2026-01-12 00:00:00,Net 60,2573.86,95664151
Seattle,46064,Bill,2026-01-12 00:00:00,Net 60,958.36,95664152
Seattle,46064,Bill,2026-01-12 00:00:00,Net 60,7800.68,95664487
Seattle,46064,Bill,2026-01-12 00:00:00,Net 60,2322.63,95664265
Seattle,46064,Bill,2026-01-12 00:00:00,Net 60,1787.28,95664264
Seattle,46064,Bill,2026-01-12 00:00:00,Net 60,1770.74,95664327
Seattle,46064,Bill,2026-01-12 00:00:00,Net 60,250,95664407
Seattle,46065,Bill,2026-01-13 00:00:00,Net 60,749.32,95664689
Seattle,46065,Bill,2026-01-13 00:00:00,Net 60,3946.82,95664746
Seattle,46065,Bill,2026-01-13 00:00:00,Net 60,2084.94,95665003
Seattle,46065,Bill,2026-01-13 00:00:00,Net 60,430.22,95665242
Seattle,46065,Bill,2026-01-13 00:00:00,Net 60,4116.12,95661429
Seattle,46065,Bill,2026-01-13 00:00:00,Net 60,6892.02,95665293
Seattle,46065,Bill,2026-01-13 00:00:00,Net 60,1797.02,95665424
Seattle,46065,Bill,2026-01-13 00:00:00,Net 60,702.39,95665504
Seattle,46065,Bill,2026-01-13 00:00:00,Net 60,175.21,95665613
Seattle,46065,Bill,2026-01-13 00:00:00,Net 60,3699.39,95665668
Seattle,46065,Bill,2026-01-13 00:00:00,Net 60,114.08,95665713
Seattle,46065,Bill,2026-01-13 00:00:00,Net 60,81.73,95665661
Seattle,46065,Bill,2026-01-13 00:00:00,Net 60,92.98,95665793
Seattle,46065,Bill,2026-01-13 00:00:00,Net 60,187.5,95665791
Seattle,46066,Bill,2026-01-14 00:00:00,Net 60,178.86,95662456
Seattle,46066,Bill,2026-01-14 00:00:00,Net 60,178.86,95662456_1
Seattle,46066,Bill,2026-01-14 00:00:00,Net 60,3375.97,95666113
Seattle,46066,Bill,2026-01-14 00:00:00,Net 60,235.53,95666182
Seattle,46066,Bill,2026-01-14 00:00:00,Net 60,370.02,95666183
Seattle,46066,Bill,2026-01-14 00:00:00,Net 60,197.34,95666434
Seattle,46066,Bill,2026-01-14 00:00:00,Net 60,360.11,95666640
Seattle,46066,Bill,2026-01-14 00:00:00,Net 60,3288.88,95666563
Seattle,46066,Bill,2026-01-14 00:00:00,Net 60,554.54,95666623
Seattle,46066,Bill,2026-01-14 00:00:00,Net 60,165.46,95666669
Seattle,46066,Bill,2026-01-14 00:00:00,Net 60,62.09,95666759
Seattle,46066,Bill,2026-01-14 00:00:00,Net 60,1457.86,95666933
Seattle,46066,Bill,2026-01-14 00:00:00,Net 60,35934.11,95666932
Seattle,46066,Bill,2026-01-14 00:00:00,Net 60,4105.98,95667080
Seattle,46066,Bill,2026-01-14 00:00:00,Net 60,3733.06,95666934
Seattle,46066,Bill,2026-01-14 00:00:00,Net 60,2088.88,95666732_1
Seattle,46066,Bill,2026-01-14 00:00:00,Net 60,108.67,95666719
Seattle,46067,Bill,2026-01-15 00:00:00,Net 60,239.39,95667645
Seattle,46067,Bill,2026-01-15 00:00:00,Net 60,5755.83,95667644
Seattle,46067,Bill,2026-01-15 00:00:00,Net 60,1443.12,95667647
Seattle,46067,Bill,2026-01-15 00:00:00,Net 60,251.75,95668602
Seattle,46067,Bill,2026-01-15 00:00:00,Net 60,3842.56,95668209
Seattle,46067,Bill,2026-01-15 00:00:00,Net 60,2650.4,95667796
Seattle,46067,Bill,2026-01-15 00:00:00,Net 60,696.52,95667868
Seattle,46067,Bill,2026-01-15 00:00:00,Net 60,10757.25,95667797
Seattle,46067,Bill,2026-01-15 00:00:00,Net 60,276.39,95668104
Seattle,46067,Bill,2026-01-15 00:00:00,Net 60,2940.44,95668208
Seattle,46067,Bill,2026-01-15 00:00:00,Net 60,5556.36,95668210
Seattle,46067,Bill,2026-01-15 00:00:00,Net 60,533.52,95667953
Seattle,46068,Bill,2026-01-16 00:00:00,Net 60,4681.22,95669657
Seattle,46068,Bill,2026-01-16 00:00:00,Net 60,739.27,95669534
Seattle,46068,Bill,2026-01-16 00:00:00,Net 60,73.57,95669455
Seattle,46068,Bill,2026-01-16 00:00:00,Net 60,306.67,95669148
Seattle,46068,Bill,2026-01-16 00:00:00,Net 60,504.32,95669337
Seattle,46068,Bill,2026-01-16 00:00:00,Net 60,1145.76,95669355
Seattle,46068,Bill,2026-01-16 00:00:00,Net 60,68.29,95669256
Seattle,46068,Bill,2026-01-16 00:00:00,Net 60,400.81,95669226
Seattle,46068,Bill,2026-01-16 00:00:00,Net 60,904.66,95668945
Seattle,46068,Bill,2026-01-16 00:00:00,Net 60,4684.3,9566960
Seattle,46068,Bill,2026-01-16 00:00:00,Net 60,1047.28,95669629
Seattle,46068,Bill,2026-01-16 00:00:00,Net 60,394.67,95669599
Seattle,46068,Bill,2026-01-16 00:00:00,Net 60,2524.07,95669490
Seattle,46068,Bill,2026-01-16 00:00:00,Net 60,380.61,95668875
Seattle,46068,Bill,2026-01-16 00:00:00,Net 60,3175.08,95668874
Seattle,46068,Bill,2026-01-16 00:00:00,Net 60,1198.21,95669703
Seattle,46068,Bill,2026-01-16 00:00:00,Net 60,94.59,95669863
Seattle,46068,Bill,2026-01-16 00:00:00,Net 60,607.25,95669864
Seattle,46068,Bill,2026-01-16 00:00:00,Net 60,457.37,95669900
Seattle,46068,Bill,2026-01-16 00:00:00,Net 60,1139.71,95668985
Seattle,46068,Bill,2026-01-16 00:00:00,Net 60,250,95669533
Seattle,46069,Bill,2026-01-17 00:00:00,Net 60,126.19,95670069
Seattle,46071,Bill,2026-01-19 00:00:00,Net 60,987.57,95670249
Seattle,46071,Bill,2026-01-19 00:00:00,Net 60,746.06,95670323
Seattle,46071,Bill,2026-01-19 00:00:00,Net 60,4667.1,95670452
Seattle,46071,Bill,2026-01-19 00:00:00,Net 60,175.47,95670698
Seattle,46071,Bill,2026-01-19 00:00:00,Net 60,600.75,95670807
Seattle,46071,Bill,2026-01-19 00:00:00,Net 60,458.31,95670842
Seattle,46071,Bill,2026-01-19 00:00:00,Net 60,131.21,95670810
Seattle,46071,Bill,2026-01-19 00:00:00,Net 60,904.42,95670808
Seattle,46071,Bill,2026-01-19 00:00:00,Net 60,892.13,95670937
Seattle,46071,Bill,2026-01-19 00:00:00,Net 60,2185.85,95670936
Seattle,46071,Bill,2026-01-19 00:00:00,Net 60,599.95,95671203
Seattle,46071,Bill,2026-01-19 00:00:00,Net 60,12562.89,95671204
Seattle,46071,Bill,2026-01-19 00:00:00,Net 60,15677.03,95671119
Seattle,46072,Bill,2026-01-20 00:00:00,Net 60,1379.32,95671530
Seattle,46072,Bill,2026-01-20 00:00:00,Net 60,484.93,95671529
Seattle,46072,Bill,2026-01-20 00:00:00,Net 60,236.06,95671792
Seattle,46072,Bill,2026-01-20 00:00:00,Net 60,915.56,95672079
Seattle,46072,Bill,2026-01-20 00:00:00,Net 60,456.76,95672164
Seattle,46072,Bill,2026-01-20 00:00:00,Net 60,2064.14,95672252
Seattle,46072,Bill,2026-01-20 00:00:00,Net 60,2468.6,95672338
Seattle,46072,Bill,2026-01-20 00:00:00,Net 60,1628.33,95672620
Seattle,46072,Bill,2026-01-20 00:00:00,Net 60,250,95672610
Seattle,46072,Bill,2026-01-20 00:00:00,Net 60,56.09,95672535
Seattle,46072,Bill,2026-01-20 00:00:00,Net 60,684.51,95672659
Seattle,46073,Bill,2026-01-21 00:00:00,Net 60,629.4,95672966
Seattle,46073,Bill,2026-01-21 00:00:00,Net 60,548.71,95673204
Seattle,46073,Bill,2026-01-21 00:00:00,Net 60,1292.02,95673401
Seattle,46073,Bill,2026-01-21 00:00:00,Net 60,7684.46,95673477
Seattle,46073,Bill,2026-01-21 00:00:00,Net 60,1176.52,95673476
Seattle,46073,Bill,2026-01-21 00:00:00,Net 60,2637.18,95673478
Seattle,46073,Bill,2026-01-21 00:00:00,Net 60,5597.6,95673549
Seattle,46073,Bill,2026-01-21 00:00:00,Net 60,467.35,95673673
Seattle,46073,Bill,2026-01-21 00:00:00,Net 60,9927.1,95673550
Seattle,46073,Bill,2026-01-21 00:00:00,Net 60,3869.5,95674170
Seattle,46073,Bill,2026-01-21 00:00:00,Net 60,789.32,95674257
Seattle,46073,Bill,2026-01-21 00:00:00,Net 60,2190.76,95674244
Seattle,46073,Bill,2026-01-21 00:00:00,Net 60,7588.13,95674358
Seattle,46073,Bill,2026-01-21 00:00:00,Net 60,474.86,95674245
Seattle,46073,Bill,2026-01-21 00:00:00,Net 60,6665.12,95674158
Seattle,46074,Bill,2026-01-22 00:00:00,Net 60,892.37,95674705
Seattle,46074,Bill,2026-01-22 00:00:00,Net 60,48.84,95675184
Seattle,46074,Bill,2026-01-22 00:00:00,Net 60,368.24,95674974
Seattle,46074,Bill,2026-01-22 00:00:00,Net 60,2585.16,95674653
Seattle,46074,Bill,2026-01-22 00:00:00,Net 60,6098.79,95674554
Seattle,46074,Bill,2026-01-22 00:00:00,Net 60,928.46,95675601
Seattle,46074,Bill,2026-01-22 00:00:00,Net 60,133.45,95675662
Seattle,46074,Bill,2026-01-22 00:00:00,Net 60,1815.28,95675795
Seattle,46074,Bill,2026-01-22 00:00:00,Net 60,419.3,95675611
Seattle,46074,Bill,2026-01-22 00:00:00,Net 60,183.26,95675677
Seattle,46074,Bill,2026-01-22 00:00:00,Net 60,4092.64,95675676
Seattle,46074,Bill,2026-01-22 00:00:00,Net 60,1356.78,95675743
Seattle,46074,Bill,2026-01-22 00:00:00,Net 60,177.97,95675716
Seattle,46074,Bill,2026-01-22 00:00:00,Net 60,540.25,95675094
Seattle,46074,Bill,2026-01-22 00:00:00,Net 60,183.19,95675209
Seattle,46074,Bill,2026-01-22 00:00:00,Net 60,3804.55,95675093
Seattle,46074,Bill,2026-01-22 00:00:00,Net 60,302.94,95675276
Seattle,46074,Bill,2026-01-22 00:00:00,Net 60,1348.53,95675067
Seattle,46074,Bill,2026-01-22 00:00:00,Net 60,941.95,95674652
Seattle,46075,Bill,2026-01-23 00:00:00,Net 60,1113.48,95676211
Seattle,46075,Bill,2026-01-23 00:00:00,Net 60,1924.55,95676181
Seattle,46075,Bill,2026-01-23 00:00:00,Net 60,608.52,95676302
Seattle,46075,Bill,2026-01-23 00:00:00,Net 60,2934.77,95676312
Seattle,46075,Bill,2026-01-23 00:00:00,Net 60,986.48,95676634
Seattle,46075,Bill,2026-01-23 00:00:00,Net 60,250.05,95676509
Seattle,46075,Bill,2026-01-23 00:00:00,Net 60,1568.85,95676730
Seattle,46075,Bill,2026-01-23 00:00:00,Net 60,1404.1,95676711
Seattle,46075,Bill,2026-01-23 00:00:00,Net 60,4806.62,95676796
Seattle,46075,Bill,2026-01-23 00:00:00,Net 60,791.2,95677029
Seattle,46075,Bill,2026-01-23 00:00:00,Net 60,53.15,95677042
Seattle,46075,Bill,2026-01-23 00:00:00,Net 60,278.62,95677181
Seattle,46075,Bill,2026-01-23 00:00:00,Net 60,595.23,95677205
Seattle,46075,Bill,2026-01-23 00:00:00,Net 60,1061.62,95677218
Seattle,46075,Bill,2026-01-23 00:00:00,Net 60,3013.64,95677204
Seattle,46078,Bill,2026-01-26 00:00:00,Net 60,895.96,95678045
Seattle,46078,Bill,2026-01-26 00:00:00,Net 60,6731.19,95678076
Seattle,46078,Bill,2026-01-26 00:00:00,Net 60,282.47,95678046
Seattle,46078,Bill,2026-01-26 00:00:00,Net 60,1095.74,95678149
Seattle,46078,Bill,2026-01-26 00:00:00,Net 60,262.5,95678148
Seattle,46078,Bill,2026-01-26 00:00:00,Net 60,3051.79,95678150
Seattle,46078,Bill,2026-01-26 00:00:00,Net 60,235.09,95678246
Seattle,46079,Bill,2026-01-27 00:00:00,Net 60,2226.81,95678516
Seattle,46079,Bill,2026-01-27 00:00:00,Net 60,563.81,95678515
Seattle,46079,Bill,2026-01-27 00:00:00,Net 60,2831.49,95678517
Seattle,46079,Bill,2026-01-27 00:00:00,Net 60,125.21,95678514
Seattle,46079,Bill,2026-01-27 00:00:00,Net 60,5360.24,95678614
Seattle,46079,Bill,2026-01-27 00:00:00,Net 60,376.33,95678518
Seattle,46079,Bill,2026-01-27 00:00:00,Net 60,678.74,95678615
Seattle,46079,Bill,2026-01-27 00:00:00,Net 60,1615.92,95678612
Seattle,46079,Bill,2026-01-27 00:00:00,Net 60,59.01,95678872
Seattle,46079,Bill,2026-01-27 00:00:00,Net 60,733.08,95679026
Seattle,46079,Bill,2026-01-27 00:00:00,Net 60,119.1,95679009
Seattle,46079,Bill,2026-01-27 00:00:00,Net 60,238.52,95679297
Seattle,46079,Bill,2026-01-27 00:00:00,Net 60,2160.98,95679394
Seattle,46079,Bill,2026-01-27 00:00:00,Net 60,435.6,95679540
Seattle,46079,Bill,2026-01-27 00:00:00,Net 60,439.55,95679518
Seattle,46079,Bill,2026-01-27 00:00:00,Net 60,301.96,95679572
Seattle,46079,Bill,2026-01-27 00:00:00,Net 60,559.27,95679759
Seattle,46079,Bill,2026-01-27 00:00:00,Net 60,329.01,95679739
Seattle,46079,Bill,2026-01-27 00:00:00,Net 60,253.66,95679617
Seattle,46079,Bill,2026-01-27 00:00:00,Net 60,152.05,95679571
Seattle,46079,Bill,2026-01-27 00:00:00,Net 60,291.65,95679569
Seattle,46079,Bill,2026-01-27 00:00:00,Net 60,86.55,95679570
Seattle,46080,Bill,2026-01-28 00:00:00,Net 60,1960.04,95680132
Seattle,46080,Bill,2026-01-28 00:00:00,Net 60,216.01,95680199
Seattle,46080,Bill,2026-01-28 00:00:00,Net 60,298.49,95680432
Seattle,46080,Bill,2026-01-28 00:00:00,Net 60,1241.99,95680622
Seattle,46080,Bill,2026-01-28 00:00:00,Net 60,5327.35,95680956
Seattle,46080,Bill,2026-01-28 00:00:00,Net 60,2724.13,95680994
Seattle,46080,Bill,2026-01-28 00:00:00,Net 60,3493.67,95681152
Seattle,46080,Bill,2026-01-28 00:00:00,Net 60,2998.14,95681074
Seattle,46080,Bill,2026-01-28 00:00:00,Net 60,4871.76,95681075
Seattle,46080,Bill,2026-01-28 00:00:00,Net 60,577.42,95681340
Seattle,46080,Bill,2026-01-28 00:00:00,Net 60,995.29,95681306
Seattle,46080,Bill,2026-01-28 00:00:00,Net 60,434.28,95681341
Seattle,46080,Bill,2026-01-28 00:00:00,Net 60,15837.07,95681362
Seattle,46080,Bill,2026-01-28 00:00:00,Net 60,9467.63,95681413
Seattle,46080,Bill,2026-01-28 00:00:00,Net 60,871.84,95681255
Seattle,46101,Bill,2026-02-18 00:00:00,Net 30,51355.61,ICOm0103245
Seattle,46107,Bill,2026-02-24 00:00:00,Net 30,133.56,ICOM0103491
Seattle,46109,Bill,2026-02-26 00:00:00,Net 30,612,ICOM0103557
Seattle,46109,Bill,2026-02-26 00:00:00,Net 30,378.75,ICOM0103575
Seattle,46099,Bill,2026-02-16 00:00:00,Net 30,132.03,CI-0000654609
Seattle,46100,Bill,2026-02-02 00:00:00,1% 30 NET 45,1143.29,481878X
Seattle,46101,Bill,2026-02-03 00:00:00,1% 30 NET 45,362.7,482676
Seattle,46102,Bill,2026-02-04 00:00:00,1% 30 NET 45,143.79,482911
Seattle,46103,Bill,2026-02-05 00:00:00,1% 30 NET 45,222.39,483216
Seattle,46104,Bill,2026-02-06 00:00:00,1% 30 NET 45,6598.88,483458
Seattle,46107,Bill,2026-02-09 00:00:00,1% 30 NET 45,296,484088
Seattle,46108,Bill,2026-02-10 00:00:00,1% 30 NET 45,151.52,484550
Seattle,46109,Bill,2026-02-11 00:00:00,1% 30 NET 45,125.26,485015
Seattle,46109,Bill,2026-02-11 00:00:00,1% 30 NET 45,554.22,485016
Seattle,46112,Bill,2026-02-14 00:00:00,1% 30 NET 45,1208.04,486081
Seattle,46115,Bill,2026-02-17 00:00:00,1% 30 NET 45,123.19,478280 X
Seattle,46115,Bill,2026-02-17 00:00:00,1% 30 NET 45,340.84,486891
Seattle,46124,Bill,2026-02-26 00:00:00,1% 30 NET 45,99.68,489301
Seattle,46087,Bill,2026-01-20 00:00:00,1% 30 NET 45,807.82,479455
Seattle,46089,Bill,2026-01-22 00:00:00,1% 30 NET 45,12844.12,480124
Seattle,46095,Bill,2026-01-28 00:00:00,1% 30 NET 45,5727.38,481454
Seattle,46095,Bill,2026-01-28 00:00:00,1% 30 NET 45,1116.88,481455
Seattle,46085,Bill,2026-02-02 00:00:00,Net 30,369,052357X
Seattle,46082,Bill,2026-01-30 00:00:00,Net 30,257.1,95683254
Seattle,46082,Bill,2026-01-30 00:00:00,Net 30,624.57,95683253
Seattle,46115,Bill,2026-02-02 00:00:00,Net 60,74.51,95684581X
Seattle,46115,Bill,2026-02-02 00:00:00,Net 60,4506.96,95684582X
Seattle,46085,Bill,2026-02-02 00:00:00,Net 30,236.25,9568483X
Seattle,46088,Bill,2026-02-05 00:00:00,Net 30,713.47,95689039
Seattle,46090,Bill,2026-02-07 00:00:00,Net 30,309.6,95691704
Seattle,46090,Bill,2026-02-07 00:00:00,Net 30,1184.93,95691705
Seattle,46090,Bill,2026-02-07 00:00:00,Net 30,197.04,95691706
Seattle,46094,Bill,2026-02-11 00:00:00,Net 30,1335.04,95695093
Seattle,46094,Bill,2026-02-11 00:00:00,Net 30,542.98,95695091
Seattle,46094,Bill,2026-02-11 00:00:00,Net 30,1025.13,95695092
Seattle,46095,Bill,2026-02-12 00:00:00,Net 30,7197.32,95696574
Seattle,46096,Bill,2026-02-13 00:00:00,Net 30,709.95,95698159
Seattle,46096,Bill,2026-02-13 00:00:00,Net 30,807.83,95698160
Seattle,46096,Bill,2026-02-13 00:00:00,Net 30,2903.33,95698152
Seattle,46096,Bill,2026-02-13 00:00:00,Net 30,88.11,95698155
Seattle,46096,Bill,2026-02-13 00:00:00,Net 30,2621.62,95698153
Seattle,46096,Bill,2026-02-13 00:00:00,Net 30,155.95,95698154
Seattle,46100,Bill,2026-02-17 00:00:00,Net 30,90.54,95700959
Seattle,46100,Bill,2026-02-17 00:00:00,Net 30,129.92,95700961
Seattle,46101,Bill,2026-02-18 00:00:00,Net 30,50,95702370
Seattle,46102,Bill,2026-02-19 00:00:00,Net 30,114.8,95703963
Seattle,46102,Bill,2026-02-19 00:00:00,Net 30,13563.06,95703961
Seattle,46103,Bill,2026-02-20 00:00:00,Net 30,1144.85,95705442
Seattle,46103,Bill,2026-02-20 00:00:00,Net 30,47770.79,95705440
Seattle,46103,Bill,2026-02-20 00:00:00,Net 30,3492.93,95705441
Seattle,46103,Bill,2026-02-20 00:00:00,Net 30,2063,95705444
Seattle,46104,Bill,2026-02-21 00:00:00,Net 30,3231.49,95706455
Seattle,46104,Bill,2026-02-21 00:00:00,Net 30,248.87,95706452
Seattle,46104,Bill,2026-02-21 00:00:00,Net 30,2058.37,95706456
Seattle,46104,Bill,2026-02-21 00:00:00,Net 30,39.71,95706453
Seattle,46107,Bill,2026-02-24 00:00:00,Net 30,64.48,95708231
Seattle,46108,Bill,2026-02-25 00:00:00,Net 30,202.15,95709699
Seattle,46109,Bill,2026-02-26 00:00:00,Net 30,3556.8,95711217
Seattle,46109,Bill,2026-02-26 00:00:00,Net 30,6683.3,95711216
Seattle,46109,Bill,2026-02-26 00:00:00,Net 30,558.45,95711451
Seattle,46110,Bill,2026-02-27 00:00:00,Net 30,5810.77,95712819
Seattle,46110,Bill,2026-02-27 00:00:00,Net 30,735.73,95712821
Seattle,46060,Bill,2026-01-08 00:00:00,Net 30,2685.04,95660882
Seattle,46065,Bill,2026-01-13 00:00:00,Net 30,117.83,95664780
Seattle,46066,Bill,2026-01-14 00:00:00,Net 30,90.97,95666233
Seattle,46066,Bill,2026-01-14 00:00:00,Net 30,55.18,95666232
Seattle,46068,Bill,2026-01-16 00:00:00,Net 30,50,95670092
Seattle,46074,Bill,2026-01-22 00:00:00,Net 30,698.05,95674704
Seattle,46075,Bill,2026-01-23 00:00:00,Net 30,844.8,95676212
Seattle,46075,Bill,2026-01-23 00:00:00,Net 30,1415.81,95676213
Seattle,46075,Bill,2026-01-23 00:00:00,Net 30,2513.16,95676210
Seattle,46076,Bill,2026-01-24 00:00:00,Net 30,375.52,956772297
Seattle,46076,Bill,2026-01-24 00:00:00,Net 30,758.53,95677298
Seattle,46080,Bill,2026-01-28 00:00:00,Net 30,268.59,95680247
Seattle,46085,Bill,2026-02-02 00:00:00,Net 30,2532.82,91852004X
Seattle,46088,Bill,2026-02-05 00:00:00,Net 30,268.88,91854332
Seattle,46095,Bill,2026-02-12 00:00:00,Net 30,11766,91817565 X
Seattle,46096,Bill,2026-02-13 00:00:00,1.5%15N30,3744.78,91858370
Seattle,46096,Bill,2026-02-13 00:00:00,1.5%15N30,2737.34,91858419
Seattle,46100,Bill,2026-02-17 00:00:00,1.5%15N30,416.72,91859160
Seattle,46101,Bill,2026-02-18 00:00:00,1.5%15N30,158.01,91860145
Seattle,46099,Bill,2026-02-01 00:00:00,1% 30 NET 45,3.5,9000103422
Seattle,46108,Bill,2026-02-10 00:00:00,1% 30 NET 45,27634.82,9000111089
Seattle,46110,Bill,2026-02-12 00:00:00,1% 30 NET 45,71.25,9000114358
Seattle,46112,Bill,2026-02-14 00:00:00,1% 30 NET 45,350.58,9000116341
Seattle,46113,Bill,2026-02-15 00:00:00,1% 30 NET 45,206.52,9000116730
Seattle,46117,Bill,2026-02-19 00:00:00,1% 30 NET 45,10511.89,9000110770
Seattle,46123,Bill,2026-02-25 00:00:00,1% 30 NET 45,7672.4,9000125855
Seattle,46086,Bill,2026-01-19 00:00:00,1% 30 NET 45,1769.46,9000088433
Seattle,46088,Bill,2026-01-21 00:00:00,1% 30 NET 45,14973,9000090722
Seattle,46088,Bill,2026-01-21 00:00:00,1% 30 NET 45,2190.78,9000090724
Seattle,46109,Bill,2026-02-26 00:00:00,Net 30,517.7,51831
Seattle,46100,Bill,2026-02-17 00:00:00,Net 30,1159.84,358072
Seattle,46106,Bill,2026-02-23 00:00:00,Net 30,5476.75,358318
Seattle,46106,Bill,2026-02-23 00:00:00,Net 30,10570,358327
Seattle,46106,Bill,2026-02-23 00:00:00,Net 30,6883,358323
Seattle,46102,Bill,2026-02-19 00:00:00,Net 30,1828.55,EP69995
Seattle,46087,Bill,2026-02-04 00:00:00,Net 30,509.72,91185199
Seattle,46106,Bill,2026-02-23 00:00:00,Net 30,181.05,91188988
Seattle,46091,Bill,2026-02-28 00:00:00,,46702,9147-BACKCHRG
Seattle,46085,Bill,2026-02-02 00:00:00,Net 30,10200,58202X
Seattle,46085,Bill,2026-02-02 00:00:00,Net 30,2840,58212
Seattle,46092,Bill,2026-02-09 00:00:00,Net 30,1885.46,S12016
Seattle,46092,Bill,2026-02-09 00:00:00,Net 30,39.5,S12018
Seattle,46036,Bill,2025-12-15 00:00:00,Net 30,61.25,S9551
Seattle,46068,Bill,2026-01-16 00:00:00,Net 30,5600,20260086
Seattle,,Credit,2026-01-19 00:00:00,Immediate,-13562.36,95634339CR
Seattle,46085,Bill,2026-02-02 00:00:00,Net 30,243.09,0168499-IN X
Seattle,46096,Bill,2026-02-13 00:00:00,Net 30,1186.96,163557
Seattle,46102,Bill,2026-02-19 00:00:00,Net 30,75,0168822-IN
Seattle,46109,Bill,2026-02-26 00:00:00,Net 30,1390.47,0168950-IN
Spokane,46094,Bill,2026-02-11 00:00:00,Net 30,682,36426
Spokane,46088,Bill,2026-02-05 00:00:00,Net 30,8885,24409
Spokane,46106,Bill,2026-02-23 00:00:00,Net 30,1767.39,449624
Spokane,46086,Bill,2026-02-03 00:00:00,Net 30,14500,00015279; 00015294
Spokane,46088,Bill,2026-02-05 00:00:00,Net 30,2534.5,INV201223
Spokane,46109,Bill,2026-02-26 00:00:00,Net 30,5858.5,INV201455
Spokane,46088,Bill,2026-02-05 00:00:00,Net 30,1452.13,0465743-IN
Spokane,46101,Bill,2026-02-18 00:00:00,Net 30,677.87,0466401-IN
Spokane,46102,Bill,2026-02-19 00:00:00,Net 30,218.15,0466466-IN
Spokane,46108,Bill,2026-02-25 00:00:00,Net 30,243.85,0466707-IN
Spokane,46101,Bill,2026-02-18 00:00:00,2% 15 Net 30,1270,74778
Spokane,46092,Bill,2026-02-09 00:00:00,Net 30,6222.42,8560
Spokane,46086,Bill,2026-02-03 00:00:00,Net 30,576,32103944
Spokane,46087,Bill,2026-02-04 00:00:00,Net 30,942,32105862
Spokane,46088,Bill,2026-02-05 00:00:00,Net 30,3097.32,32106019
Spokane,46094,Bill,2026-02-11 00:00:00,Net 30,1170,32114577
Spokane,46095,Bill,2026-02-12 00:00:00,Net 30,23331,22545674
Spokane,46106,Bill,2026-02-23 00:00:00,Net 30,1997.04,32123952
Spokane,46086,Bill,2026-02-03 00:00:00,Net 30,10568.69,182448069X
Spokane,46088,Bill,2026-02-05 00:00:00,Net 30,1256,182644504
Spokane,46109,Bill,2026-02-26 00:00:00,Net 30,2087.17,810307330
Spokane,46081,Bill,2026-01-29 00:00:00,Net 60,1474.13,95681806
Spokane,46081,Bill,2026-01-29 00:00:00,Net 60,2426.39,95681805
Spokane,46081,Bill,2026-01-29 00:00:00,Net 60,465.3,95682309
Spokane,46081,Bill,2026-01-29 00:00:00,Net 60,345.51,95682310
Spokane,46081,Bill,2026-01-29 00:00:00,Net 60,786.03,95682.58
Spokane,46081,Bill,2026-01-29 00:00:00,Net 60,171.61,95682328
Spokane,46081,Bill,2026-01-29 00:00:00,Net 60,3400.46,95681653
Spokane,46081,Bill,2026-01-29 00:00:00,Net 60,2770.78,95681890
Spokane,46085,Bill,2026-02-02 00:00:00,Net 60,2738.63,96682665X
Spokane,46085,Bill,2026-02-02 00:00:00,Net 60,240.98,95683593X
Spokane,46085,Bill,2026-02-02 00:00:00,Net 60,3710.59,95683547X
Spokane,46085,Bill,2026-02-02 00:00:00,Net 60,2568.17,95683625X
Spokane,46085,Bill,2026-02-02 00:00:00,Net 60,1963.91,95683911X
Spokane,46085,Bill,2026-02-02 00:00:00,Net 60,697.26,95683929X
Spokane,46085,Bill,2026-02-02 00:00:00,Net 60,594.18,95684023X
Spokane,46085,Bill,2026-02-02 00:00:00,Net 60,196.11,95685329
Spokane,46085,Bill,2026-02-02 00:00:00,Net 60,78.68,95685448
Spokane,46085,Bill,2026-02-02 00:00:00,Net 60,3317.34,95685688
Spokane,46085,Bill,2026-02-02 00:00:00,Net 60,3310.35,95685689
Spokane,46085,Bill,2026-02-02 00:00:00,Net 60,10218.47,95684933
Spokane,46085,Bill,2026-02-02 00:00:00,Net 60,2734.48,95685691
Spokane,46085,Bill,2026-02-02 00:00:00,Net 60,1949.88,95685944_1
Spokane,46086,Bill,2026-02-03 00:00:00,Net 60,554.85,95686823
Spokane,46086,Bill,2026-02-03 00:00:00,Net 60,2581.75,95686941
Spokane,46086,Bill,2026-02-03 00:00:00,Net 60,946.86,95686824
Spokane,46086,Bill,2026-02-03 00:00:00,Net 60,399.76,95686644
Spokane,46086,Bill,2026-02-03 00:00:00,Net 60,555.56,95686645
Spokane,46086,Bill,2026-02-03 00:00:00,Net 60,246.49,95686409
Spokane,46086,Bill,2026-02-03 00:00:00,Net 60,1743.03,95686284
Spokane,46086,Bill,2026-02-03 00:00:00,Net 60,155.54,95685769
Spokane,46086,Bill,2026-02-03 00:00:00,Net 60,868.82,95686332
Spokane,46086,Bill,2026-02-03 00:00:00,Net 60,1886.39,95687059
Spokane,46086,Bill,2026-02-03 00:00:00,Net 60,93.44,95687296
Spokane,46086,Bill,2026-02-03 00:00:00,Net 60,1472.77,95687295
Spokane,46086,Bill,2026-02-03 00:00:00,Net 60,942.96,95687416
Spokane,46086,Bill,2026-02-03 00:00:00,Net 60,454.3,95687343
Spokane,46087,Bill,2026-02-04 00:00:00,Net 60,1405.68,95687806
Spokane,46087,Bill,2026-02-04 00:00:00,Net 60,644.26,95687982
Spokane,46087,Bill,2026-02-04 00:00:00,Net 60,905.8,95688537
Spokane,46088,Bill,2026-02-05 00:00:00,Net 60,351.12,95688949
Spokane,46088,Bill,2026-02-05 00:00:00,Net 60,152.92,95689320
Spokane,46088,Bill,2026-02-05 00:00:00,Net 60,871.85,95689670
Spokane,46088,Bill,2026-02-05 00:00:00,Net 60,1546.34,95689749
Spokane,46088,Bill,2026-02-05 00:00:00,Net 60,1718.75,95689888
Spokane,46088,Bill,2026-02-05 00:00:00,Net 60,278.81,95689972
Spokane,46089,Bill,2026-02-06 00:00:00,Net 60,24.66,95690973
Spokane,46089,Bill,2026-02-06 00:00:00,Net 60,482.12,95690880
Spokane,46089,Bill,2026-02-06 00:00:00,Net 60,2745.72,95691018
Spokane,46089,Bill,2026-02-06 00:00:00,Net 60,425.75,95691065
Spokane,46089,Bill,2026-02-06 00:00:00,Net 60,1062.41,95691111
Spokane,46091,Bill,2026-02-08 00:00:00,Net 60,455.11,95691812
Spokane,46092,Bill,2026-02-09 00:00:00,Net 60,489.52,95691918
Spokane,46092,Bill,2026-02-09 00:00:00,Net 60,6097.28,95691917
Spokane,46092,Bill,2026-02-09 00:00:00,Net 60,73.97,95692117
Spokane,46092,Bill,2026-02-09 00:00:00,Net 60,503.4,95692198
Spokane,46092,Bill,2026-02-09 00:00:00,Net 60,77.68,95692672
Spokane,46092,Bill,2026-02-09 00:00:00,Net 60,1405.08,95692567
Spokane,46092,Bill,2026-02-09 00:00:00,Net 60,293.85,95692698
Spokane,46092,Bill,2026-02-09 00:00:00,Net 60,740.91,95692523
Spokane,46092,Bill,2026-02-09 00:00:00,Net 60,399.37,95692870
Spokane,46092,Bill,2026-02-09 00:00:00,Net 60,1635.07,95692827
Spokane,46092,Bill,2026-02-09 00:00:00,Net 60,183.44,95692933
Spokane,46092,Bill,2026-02-09 00:00:00,Net 60,634.12,95693161
Spokane,46093,Bill,2026-02-10 00:00:00,Net 60,245.19,95693355
Spokane,46093,Bill,2026-02-10 00:00:00,Net 60,1164.92,95693354
Spokane,46093,Bill,2026-02-10 00:00:00,Net 60,1219.12,95693420
Spokane,46093,Bill,2026-02-10 00:00:00,Net 60,581.56,95694261
Spokane,46093,Bill,2026-02-10 00:00:00,Net 60,2446.51,95694521
Spokane,46093,Bill,2026-02-10 00:00:00,Net 60,5780.5,95694593
Spokane,46093,Bill,2026-02-10 00:00:00,Net 60,1247.93,95694653
Spokane,46093,Bill,2026-02-10 00:00:00,Net 60,922.87,95694643
Spokane,46094,Bill,2026-02-11 00:00:00,Net 60,3244.34,95694982
Spokane,46094,Bill,2026-02-11 00:00:00,Net 60,187.53,95695050
Spokane,46094,Bill,2026-02-11 00:00:00,Net 60,1842.04,95694980
Spokane,46094,Bill,2026-02-11 00:00:00,Net 60,2415.96,95696030
Spokane,46094,Bill,2026-02-11 00:00:00,Net 60,4777.14,95696029
Spokane,46094,Bill,2026-02-11 00:00:00,Net 60,1286.73,95696190
Spokane,46094,Bill,2026-02-11 00:00:00,Net 60,114.06,95696031
Spokane,46094,Bill,2026-02-11 00:00:00,Net 60,221.96,95696191
Spokane,46095,Bill,2026-02-12 00:00:00,Net 60,149.24,95696462
Spokane,46095,Bill,2026-02-12 00:00:00,Net 60,15668.7,95696528
Spokane,46095,Bill,2026-02-12 00:00:00,Net 60,17937.82,95696755
Spokane,46095,Bill,2026-02-12 00:00:00,Net 60,399.76,95696789
Spokane,46095,Bill,2026-02-12 00:00:00,Net 60,464.13,95696788
Spokane,46095,Bill,2026-02-12 00:00:00,Net 60,606.49,95696866
Spokane,46095,Bill,2026-02-12 00:00:00,Net 60,1480.8,95696820
Spokane,46095,Bill,2026-02-12 00:00:00,Net 60,1213.68,95697253
Spokane,46095,Bill,2026-02-12 00:00:00,Net 60,105296.22,95697499
Spokane,46095,Bill,2026-02-12 00:00:00,Net 60,2642.02,95697578
Spokane,46095,Bill,2026-02-12 00:00:00,Net 60,911.87,95697619
Spokane,46095,Bill,2026-02-12 00:00:00,Net 60,59.43,95697694
Spokane,46095,Bill,2026-02-12 00:00:00,Net 60,784.63,95697344
Spokane,46095,Bill,2026-02-12 00:00:00,Net 60,139.26,95697394
Spokane,46096,Bill,2026-02-13 00:00:00,Net 60,158.9,95698822
Spokane,46096,Bill,2026-02-13 00:00:00,Net 60,2652.61,9568927
Spokane,46096,Bill,2026-02-13 00:00:00,Net 60,732.17,95698994
Spokane,46098,Bill,2026-02-15 00:00:00,Net 60,14841.02,95699349
Spokane,46099,Bill,2026-02-16 00:00:00,Net 60,667.18,95699606
Spokane,46099,Bill,2026-02-16 00:00:00,Net 60,6352.23,95699700
Spokane,46099,Bill,2026-02-16 00:00:00,Net 60,32.88,95699953
Spokane,46099,Bill,2026-02-16 00:00:00,Net 60,187.36,95699954
Spokane,46099,Bill,2026-02-16 00:00:00,Net 60,663.63,95700212
Spokane,46099,Bill,2026-02-16 00:00:00,Net 60,504.04,95700520
Spokane,46100,Bill,2026-02-17 00:00:00,Net 60,2034.21,95701610
Spokane,46100,Bill,2026-02-17 00:00:00,Net 60,2470.44,95701636
Spokane,46100,Bill,2026-02-17 00:00:00,Net 60,207.43,95701611
Spokane,46100,Bill,2026-02-17 00:00:00,Net 60,486.26,95701842
Spokane,46100,Bill,2026-02-17 00:00:00,Net 60,1387.11,95701841
Spokane,46101,Bill,2026-02-18 00:00:00,Net 60,3068.09,95702321
Spokane,46101,Bill,2026-02-18 00:00:00,Net 60,3720.99,95702252
Spokane,46101,Bill,2026-02-18 00:00:00,Net 60,7315.38,95703024
Spokane,46101,Bill,2026-02-18 00:00:00,Net 60,364.33,95702961
Spokane,46101,Bill,2026-02-18 00:00:00,Net 60,5717.52,95703066
Spokane,46101,Bill,2026-02-18 00:00:00,Net 60,1052.16,95703089
Spokane,46101,Bill,2026-02-18 00:00:00,Net 60,8528.62,95703201
Spokane,46101,Bill,2026-02-18 00:00:00,Net 60,7647.29,95703350
Spokane,46101,Bill,2026-02-18 00:00:00,Net 60,108.67,95703353
Spokane,46101,Bill,2026-02-18 00:00:00,Net 60,4028.1,95703511
Spokane,46102,Bill,2026-02-19 00:00:00,Net 60,3628.23,95677611 X
Spokane,46102,Bill,2026-02-19 00:00:00,Net 60,359.3,95703831
Spokane,46102,Bill,2026-02-19 00:00:00,Net 60,1724.33,95703830
Spokane,46102,Bill,2026-02-19 00:00:00,Net 60,1958.16,95703898
Spokane,46102,Bill,2026-02-19 00:00:00,Net 60,14033.41,95703833
Spokane,46102,Bill,2026-02-19 00:00:00,Net 60,231.39,95704481
Spokane,46102,Bill,2026-02-19 00:00:00,Net 60,3378.14,95704860
Spokane,46103,Bill,2026-02-20 00:00:00,Net 60,969.41,95705295
Spokane,46103,Bill,2026-02-20 00:00:00,Net 60,3183.03,95705667
Spokane,46103,Bill,2026-02-20 00:00:00,Net 60,121.2,95705964
Spokane,46103,Bill,2026-02-20 00:00:00,Net 60,1058.24,95706049
Spokane,46103,Bill,2026-02-20 00:00:00,Net 60,169.72,95706231
Spokane,46103,Bill,2026-02-20 00:00:00,Net 60,5275.02,95706341
Spokane,46103,Bill,2026-02-20 00:00:00,Net 60,7776.37,95706145
Spokane,46106,Bill,2026-02-23 00:00:00,Net 60,213.9,95707264
Spokane,46106,Bill,2026-02-23 00:00:00,Net 60,617.41,95707409
Spokane,46106,Bill,2026-02-23 00:00:00,Net 60,2355.43,95707368
Spokane,46106,Bill,2026-02-23 00:00:00,Net 60,3594.91,95707560
Spokane,46106,Bill,2026-02-23 00:00:00,Net 60,124.66,95707813
Spokane,46107,Bill,2026-02-24 00:00:00,Net 60,33832.31,95708340
Spokane,46107,Bill,2026-02-24 00:00:00,Net 60,440.78,95708738
Spokane,46107,Bill,2026-02-24 00:00:00,Net 60,230.27,95708739
Spokane,46107,Bill,2026-02-24 00:00:00,Net 60,740.45,95709027
Spokane,46107,Bill,2026-02-24 00:00:00,Net 60,1595.09,95709132
Spokane,46107,Bill,2026-02-24 00:00:00,Net 60,567.64,95709028
Spokane,46107,Bill,2026-02-24 00:00:00,Net 60,292.31,95709243
Spokane,46107,Bill,2026-02-24 00:00:00,Net 60,3172.53,95709026
Spokane,46107,Bill,2026-02-24 00:00:00,Net 60,48.86,95709133
Spokane,46108,Bill,2026-02-25 00:00:00,Net 60,1740.5,95709577
Spokane,46108,Bill,2026-02-25 00:00:00,Net 60,1268.89,95709654
Spokane,46108,Bill,2026-02-25 00:00:00,Net 60,364.85,95709656
Spokane,46108,Bill,2026-02-25 00:00:00,Net 60,9099.31,95710200
Spokane,46108,Bill,2026-02-25 00:00:00,Net 60,15466.14,95710294
Spokane,46108,Bill,2026-02-25 00:00:00,Net 60,154.91,95710137
Spokane,46108,Bill,2026-02-25 00:00:00,Net 60,1590.3,95710316
Spokane,46108,Bill,2026-02-25 00:00:00,Net 60,6446.18,95710775
Spokane,46108,Bill,2026-02-25 00:00:00,Net 60,1678.03,95710926
Spokane,46109,Bill,2026-02-26 00:00:00,Net 60,73.77,95711860
Spokane,46109,Bill,2026-02-26 00:00:00,Net 60,1259.8,95712323
Spokane,46109,Bill,2026-02-26 00:00:00,Net 60,5631.62,95712309
Spokane,46109,Bill,2026-02-26 00:00:00,Net 60,923.21,95712429
Spokane,46110,Bill,2026-02-27 00:00:00,Net 60,793.93,95712694
Spokane,46110,Bill,2026-02-27 00:00:00,Net 60,3407.73,95712773
Spokane,46110,Bill,2026-02-27 00:00:00,Net 60,1074.87,95713042
Spokane,46051,Bill,2025-12-30 00:00:00,Net 60,1106.98,95653792
Spokane,46051,Bill,2025-12-30 00:00:00,Net 60,17358.92,95654177
Spokane,46051,Bill,2025-12-30 00:00:00,Net 60,1014.17,95654308
Spokane,46052,Bill,2025-12-31 00:00:00,Net 60,23519.17,95653158
Spokane,46052,Bill,2025-12-31 00:00:00,Net 60,1969.92,95641852
Spokane,46052,Bill,2025-12-31 00:00:00,Net 60,7758.87,95655317
Spokane,46054,Bill,2026-01-02 00:00:00,Net 60,5075.22,95655892
Spokane,46054,Bill,2026-01-02 00:00:00,Net 60,514.2,95656133
Spokane,46054,Bill,2026-01-02 00:00:00,Net 60,3872.76,95656093
Spokane,46054,Bill,2026-01-02 00:00:00,Net 60,2526.33,95656092
Spokane,46054,Bill,2026-01-02 00:00:00,Net 60,64064.08,95656098
Spokane,46054,Bill,2026-01-02 00:00:00,Net 60,301.98,95656134
Spokane,46054,Bill,2026-01-02 00:00:00,Net 60,571.97,95656149
Spokane,46054,Bill,2026-01-02 00:00:00,Net 60,700.91,95656249
Spokane,46057,Bill,2026-01-05 00:00:00,Net 60,560.66,95656291
Spokane,46057,Bill,2026-01-05 00:00:00,Net 60,4061.42,95656524
Spokane,46057,Bill,2026-01-05 00:00:00,Net 60,2328.65,95656523
Spokane,46057,Bill,2026-01-05 00:00:00,Net 60,2895.9,95655595
Spokane,46057,Bill,2026-01-05 00:00:00,Net 60,3511.42,95656205
Spokane,46057,Bill,2026-01-05 00:00:00,Net 60,95.66,95656671
Spokane,46057,Bill,2026-01-05 00:00:00,Net 60,4031.4,95656720
Spokane,46058,Bill,2026-01-06 00:00:00,Net 60,59.43,95657655
Spokane,46058,Bill,2026-01-06 00:00:00,Net 60,422.82,95658005
Spokane,46059,Bill,2026-01-07 00:00:00,Net 60,2526.73,95658868
Spokane,46059,Bill,2026-01-07 00:00:00,Net 60,1064.77,95659177
Spokane,46059,Bill,2026-01-07 00:00:00,Net 60,116.27,95659342
Spokane,46059,Bill,2026-01-07 00:00:00,Net 60,4744.68,95659243
Spokane,46059,Bill,2026-01-07 00:00:00,Net 60,6872.8,95659928
Spokane,46059,Bill,2026-01-07 00:00:00,Net 60,5327.83,95660011
Spokane,46060,Bill,2026-01-08 00:00:00,Net 60,2530.57,95659964
Spokane,46061,Bill,2026-01-09 00:00:00,Net 60,5605.68,95660755
Spokane,46061,Bill,2026-01-09 00:00:00,Net 60,262.69,95660851
Spokane,46061,Bill,2026-01-09 00:00:00,Net 60,4685.54,95660981
Spokane,46061,Bill,2026-01-09 00:00:00,Net 60,531.63,95661221
Spokane,46061,Bill,2026-01-09 00:00:00,Net 60,200.5,95661258
Spokane,46061,Bill,2026-01-09 00:00:00,Net 60,6749.16,95661686
Spokane,46061,Bill,2026-01-09 00:00:00,Net 60,4230.81,95662031
Spokane,46061,Bill,2026-01-09 00:00:00,Net 60,1717.34,95662674
Spokane,46061,Bill,2026-01-09 00:00:00,Net 60,115.58,95662552
Spokane,46061,Bill,2026-01-09 00:00:00,Net 60,137.3,95662348
Spokane,46061,Bill,2026-01-09 00:00:00,Net 60,64272.68,95662631
Spokane,46061,Bill,2026-01-09 00:00:00,Net 60,1337.7,95662032
Spokane,46061,Bill,2026-01-09 00:00:00,Net 60,2170.9,95662030
Spokane,46061,Bill,2026-01-09 00:00:00,Net 60,818.05,95662062
Spokane,46061,Bill,2026-01-09 00:00:00,Net 60,467.78,95662227
Spokane,46061,Bill,2026-01-09 00:00:00,Net 60,1869.35,95663088
Spokane,46061,Bill,2026-01-09 00:00:00,Net 60,2410.24,95662744
Spokane,46061,Bill,2026-01-09 00:00:00,Net 60,7504.99,95662746
Spokane,46061,Bill,2026-01-09 00:00:00,Net 60,182.55,95662747
Spokane,46061,Bill,2026-01-09 00:00:00,Net 60,880.11,95662827
Spokane,46061,Bill,2026-01-09 00:00:00,Net 60,300,95663011
Spokane,46064,Bill,2026-01-12 00:00:00,Net 60,6716.02,95663469
Spokane,46064,Bill,2026-01-12 00:00:00,Net 60,4068.09,95664072
Spokane,46064,Bill,2026-01-12 00:00:00,Net 60,399.29,95664408
Spokane,46065,Bill,2026-01-13 00:00:00,Net 60,100.98,95664688
Spokane,46065,Bill,2026-01-13 00:00:00,Net 60,2759.01,95665002
Spokane,46065,Bill,2026-01-13 00:00:00,Net 60,887.88,95665292
Spokane,46065,Bill,2026-01-13 00:00:00,Net 60,614.75,95665294
Spokane,46065,Bill,2026-01-13 00:00:00,Net 60,467.45,9565425
Spokane,46065,Bill,2026-01-13 00:00:00,Net 60,360.11,95665426
Spokane,46066,Bill,2026-01-14 00:00:00,Net 60,2530.16,95666112
Spokane,46066,Bill,2026-01-14 00:00:00,Net 60,900.39,95666622
Spokane,46066,Bill,2026-01-14 00:00:00,Net 60,43.84,95666687
Spokane,46066,Bill,2026-01-14 00:00:00,Net 60,339.7,95666668
Spokane,46066,Bill,2026-01-14 00:00:00,Net 60,1292.08,95666936
Spokane,46066,Bill,2026-01-14 00:00:00,Net 60,5546.61,95666935
Spokane,46066,Bill,2026-01-14 00:00:00,Net 60,1001.54,95667135
Spokane,46066,Bill,2026-01-14 00:00:00,Net 60,37194.56,95667079
Spokane,46066,Bill,2026-01-14 00:00:00,Net 60,140.17,95667224
Spokane,46066,Bill,2026-01-14 00:00:00,Net 60,1776.29,95667265
Spokane,46066,Bill,2026-01-14 00:00:00,Net 60,1349.27,95667269
Spokane,46066,Bill,2026-01-14 00:00:00,Net 60,1035.22,95667370
Spokane,46066,Bill,2026-01-14 00:00:00,Net 60,11180.02,95666732
Spokane,46066,Bill,2026-01-14 00:00:00,Net 60,3791.04,95667270
Spokane,46067,Bill,2026-01-15 00:00:00,Net 60,69.31,95667641
Spokane,46067,Bill,2026-01-15 00:00:00,Net 60,3984.74,95668368
Spokane,46067,Bill,2026-01-15 00:00:00,Net 60,755.34,95668631
Spokane,46067,Bill,2026-01-15 00:00:00,Net 60,1421.56,95668632
Spokane,46067,Bill,2026-01-15 00:00:00,Net 60,608.42,95667520
Spokane,46067,Bill,2026-01-15 00:00:00,Net 60,3194.12,95667739
Spokane,46068,Bill,2026-01-16 00:00:00,Net 60,928.18,95669631
Spokane,46068,Bill,2026-01-16 00:00:00,Net 60,483.61,95669376
Spokane,46068,Bill,2026-01-16 00:00:00,Net 60,1396.97,95668946
Spokane,46068,Bill,2026-01-16 00:00:00,Net 60,361.22,956692255
Spokane,46068,Bill,2026-01-16 00:00:00,Net 60,6685.34,95668367
Spokane,46068,Bill,2026-01-16 00:00:00,Net 60,73.77,95669899
Spokane,46068,Bill,2026-01-16 00:00:00,Net 60,1235.75,95670036
Spokane,46068,Bill,2026-01-16 00:00:00,Net 60,50,95668987
Spokane,46068,Bill,2026-01-16 00:00:00,Net 60,625.68,95668986
Spokane,46071,Bill,2026-01-19 00:00:00,Net 60,231.39,95670809
Spokane,46071,Bill,2026-01-19 00:00:00,Net 60,2426.1,95670935
Spokane,46071,Bill,2026-01-19 00:00:00,Net 60,3666.65,95671039
Spokane,46071,Bill,2026-01-19 00:00:00,Net 60,450,95671255
Spokane,46071,Bill,2026-01-19 00:00:00,Net 60,892.82,95671371
Spokane,46072,Bill,2026-01-20 00:00:00,Net 60,244.75,95672047
Spokane,46072,Bill,2026-01-20 00:00:00,Net 60,1468.54,95672253
Spokane,46072,Bill,2026-01-20 00:00:00,Net 60,495.91,95672290
Spokane,46072,Bill,2026-01-20 00:00:00,Net 60,2355.74,95672291
Spokane,46072,Bill,2026-01-20 00:00:00,Net 60,1076.74,95672251
Spokane,46072,Bill,2026-01-20 00:00:00,Net 60,806.55,95672339
Spokane,46072,Bill,2026-01-20 00:00:00,Net 60,621.93,95672336
Spokane,46072,Bill,2026-01-20 00:00:00,Net 60,2085.71,95672337
Spokane,46072,Bill,2026-01-20 00:00:00,Net 60,345.06,95672437
Spokane,46072,Bill,2026-01-20 00:00:00,Net 60,518.37,95672660
Spokane,46072,Bill,2026-01-20 00:00:00,Net 60,228.69,95672661
Spokane,46072,Bill,2026-01-20 00:00:00,Net 60,384.16,95672609
Spokane,46073,Bill,2026-01-21 00:00:00,Net 60,4944.16,95672967
Spokane,46073,Bill,2026-01-21 00:00:00,Net 60,318.76,95672968
Spokane,46073,Bill,2026-01-21 00:00:00,Net 60,150.47,95673066
Spokane,46073,Bill,2026-01-21 00:00:00,Net 60,2676.31,95673170
Spokane,46073,Bill,2026-01-21 00:00:00,Net 60,389.45,95673908
Spokane,46073,Bill,2026-01-21 00:00:00,Net 60,721.33,95673907
Spokane,46074,Bill,2026-01-22 00:00:00,Net 60,1257.24,95675415
Spokane,46074,Bill,2026-01-22 00:00:00,Net 60,399.76,95675744
Spokane,46074,Bill,2026-01-22 00:00:00,Net 60,901.8,95675794
Spokane,46074,Bill,2026-01-22 00:00:00,Net 60,3461.8,95675742
Spokane,46074,Bill,2026-01-22 00:00:00,Net 60,195.58,95675602
Spokane,46074,Bill,2026-01-22 00:00:00,Net 60,5128.33,95675865
Spokane,46074,Bill,2026-01-22 00:00:00,Net 60,5668.7,95674555
Spokane,46075,Bill,2026-01-23 00:00:00,Net 60,699.58,95676635
Spokane,46075,Bill,2026-01-23 00:00:00,Net 60,967.49,95676507
Spokane,46075,Bill,2026-01-23 00:00:00,Net 60,425.83,95676508
Spokane,46075,Bill,2026-01-23 00:00:00,Net 60,257.41,95676892
Spokane,46075,Bill,2026-01-23 00:00:00,Net 60,671.76,95676910
Spokane,46075,Bill,2026-01-23 00:00:00,Net 60,140.25,95677101
Spokane,46075,Bill,2026-01-23 00:00:00,Net 60,4147.32,95677132
Spokane,46076,Bill,2026-01-24 00:00:00,Net 60,244.06,95677273
Spokane,46078,Bill,2026-01-26 00:00:00,Net 60,122363.55,95653159 X
Spokane,46078,Bill,2026-01-26 00:00:00,Net 60,4307.59,95677485
Spokane,46078,Bill,2026-01-26 00:00:00,Net 60,9612.53,95677544
Spokane,46078,Bill,2026-01-26 00:00:00,Net 60,929.88,95677545
Spokane,46078,Bill,2026-01-26 00:00:00,Net 60,9001.28,95677582
Spokane,46078,Bill,2026-01-26 00:00:00,Net 60,1063.69,95678077
Spokane,46078,Bill,2026-01-26 00:00:00,Net 60,484.91,95677829
Spokane,46078,Bill,2026-01-26 00:00:00,Net 60,669.24,95678147
Spokane,46078,Bill,2026-01-26 00:00:00,Net 60,200.81,95678259
Spokane,46078,Bill,2026-01-26 00:00:00,Net 60,355.82,95678297
Spokane,46078,Bill,2026-01-26 00:00:00,Net 60,168.73,95678335
Spokane,46078,Bill,2026-01-26 00:00:00,Net 60,206.93,95678296
Spokane,46078,Bill,2026-01-26 00:00:00,Net 60,1972.84,95678173
Spokane,46079,Bill,2026-01-27 00:00:00,Net 60,4150,95678613
Spokane,46079,Bill,2026-01-27 00:00:00,Net 60,815.74,95679247
Spokane,46079,Bill,2026-01-27 00:00:00,Net 60,134.03,95679486
Spokane,46079,Bill,2026-01-27 00:00:00,Net 60,610.62,95679592
Spokane,46080,Bill,2026-01-28 00:00:00,Net 60,410.08,95680131
Spokane,46080,Bill,2026-01-28 00:00:00,Net 60,686.23,95680305
Spokane,46080,Bill,2026-01-28 00:00:00,Net 60,928.27,95680642
Spokane,46080,Bill,2026-01-28 00:00:00,Net 60,544.06,95680641
Spokane,46080,Bill,2026-01-28 00:00:00,Net 60,166.46,95680745
Spokane,46085,Bill,2026-02-02 00:00:00,Net 30,598.37,ICOM012744
Spokane,46087,Bill,2026-02-04 00:00:00,Net 30,1394,ICOM0102811
Spokane,46089,Bill,2026-02-06 00:00:00,Net 30,765,ICOM0102877
Spokane,46092,Bill,2026-02-09 00:00:00,Net 30,231.62,ICOM0102931
Spokane,46093,Bill,2026-02-10 00:00:00,Net 30,1499.81,ICOM0102968
Spokane,46099,Bill,2026-02-16 00:00:00,Net 30,2376.15,ICOM0103156
Spokane,46100,Bill,2026-02-17 00:00:00,Net 30,150.9,ICOM0103203
Spokane,46100,Bill,2026-02-17 00:00:00,Net 30,625.37,ICOM0103208
Spokane,46107,Bill,2026-02-24 00:00:00,Net 30,585.59,ICOM0103497
Spokane,46100,Bill,2026-02-02 00:00:00,1% 30 NET 45,3585.3,481875X
Spokane,46100,Bill,2026-02-02 00:00:00,1% 30 NET 45,528.85,481877X
Spokane,46100,Bill,2026-02-02 00:00:00,1% 30 NET 45,699.87,481876X
Spokane,46103,Bill,2026-02-05 00:00:00,1% 30 NET 45,1115.58,483215
Spokane,46108,Bill,2026-02-10 00:00:00,1% 30 NET 45,990.4,484549
Spokane,46121,Bill,2026-02-23 00:00:00,1% 30 NET 45,1097.81,488378
Spokane,46123,Bill,2026-02-25 00:00:00,1% 30 NET 45,553.49,489031
Spokane,46083,Bill,2026-01-16 00:00:00,1% 30 NET 45,12216.28,479162
Spokane,46094,Bill,2026-01-27 00:00:00,1% 30 NET 45,2246.14,481081
Spokane,46085,Bill,2026-02-02 00:00:00,Net 30,168.08,95683255X
Spokane,46115,Bill,2026-02-02 00:00:00,Net 60,2324.84,95684580X
Spokane,46086,Bill,2026-02-03 00:00:00,Net 30,502.65,95686331
Spokane,46088,Bill,2026-02-05 00:00:00,Net 30,560.84,95689038
Spokane,46090,Bill,2026-02-07 00:00:00,Net 30,629.77,95691707
Spokane,46093,Bill,2026-02-10 00:00:00,Net 30,1948.97,95693485
Spokane,46096,Bill,2026-02-13 00:00:00,Net 30,142.96,95698158
Spokane,46096,Bill,2026-02-13 00:00:00,Net 30,74.51,95698156
Spokane,46096,Bill,2026-02-13 00:00:00,Net 30,1768.27,95698157
Spokane,46100,Bill,2026-02-17 00:00:00,Net 30,1034.17,95701155
Spokane,46103,Bill,2026-02-20 00:00:00,Net 30,79.42,95705443
Spokane,46104,Bill,2026-02-21 00:00:00,Net 30,1692.33,95706457
Spokane,46107,Bill,2026-02-24 00:00:00,Net 30,35266.43,95708389
Spokane,46107,Bill,2026-02-24 00:00:00,Net 30,22036.88,95708851
Spokane,46109,Bill,2026-02-26 00:00:00,Net 30,1488.53,95711219
Spokane,46109,Bill,2026-02-26 00:00:00,Net 30,193.33,95711218
Spokane,46059,Bill,2026-01-07 00:00:00,Net 30,330.48,95667642
Spokane,46069,Bill,2026-01-17 00:00:00,Net 30,1595.09,95670094
Spokane,46082,Bill,2026-01-30 00:00:00,Net 30,5438.69,91852079
Spokane,46108,Bill,2026-02-10 00:00:00,1% 30 NET 45,3300,9000111086
Spokane,46113,Bill,2026-02-15 00:00:00,1% 30 NET 45,449.4,9000116728
Spokane,46116,Bill,2026-02-18 00:00:00,1% 30 NET 45,3260.24,9000119767
Spokane,46085,Bill,2026-01-18 00:00:00,1% 30 NET 45,9709.82,90000087991
Spokane,46096,Bill,2026-02-13 00:00:00,Net 30,4597.5,7671
Spokane,46096,Bill,2026-02-13 00:00:00,Net 30,16068.75,7668
Spokane,46092,Bill,2026-02-09 00:00:00,Net 30,83,357785
Spokane,46095,Bill,2026-02-12 00:00:00,Net 30,164.66,357931
Spokane,46080,Bill,2026-01-28 00:00:00,Net 30,3493.84,357293
Spokane,46092,Bill,2026-02-09 00:00:00,Net 30,2449.31,91185965
Spokane,46093,Bill,2026-02-10 00:00:00,Net 30,2134.63,91186245
Spokane,46085,Bill,2026-02-02 00:00:00,Net 30,796.46,76963287X
Spokane,46087,Bill,2026-02-04 00:00:00,Net 30,10093.27,76963591
Spokane,46093,Bill,2026-02-10 00:00:00,Net 30,1150,58260
Spokane,46094,Bill,2026-02-11 00:00:00,Net 30,1720,58277
Spokane,46085,Bill,2026-02-02 00:00:00,Net 30,3057.07,0168522-IN
Seattle,46085,Bill,2026-02-02 00:00:00,Net 30,203.2,194253706
Seattle,46087,Bill,2026-02-04 00:00:00,Net 30,171.88,194263606
Seattle,46088,Bill,2026-02-05 00:00:00,Net 30,150.4,194253771
Seattle,46093,Bill,2026-02-10 00:00:00,Net 30,301.35,194091171
Seattle,46096,Bill,2026-02-13 00:00:00,Net 30,277.19,194093744
Seattle,46106,Bill,2026-02-23 00:00:00,Net 30,150.68,194064628
Seattle,46106,Bill,2026-02-23 00:00:00,Net 30,178.48,194093757
Seattle,46108,Bill,2026-02-25 00:00:00,Net 30,248.04,194064630
Seattle,46085,Bill,2026-02-17 00:00:00,Net 15,186.62,Pro 088721678
Seattle,46100,Bill,2026-02-17 00:00:00,Net 30,73.65,0168780-IN
Spokane,46108,Bill,2026-02-25 00:00:00,2% 10 Net 30,51.01,158485
Spokane,46100,Bill,2026-02-17 00:00:00,Net 30,242.63,95698152A
Spokane,46083,Bill,2026-01-31 00:00:00,Net 30,368.25,0168523-IN X
Spokane,46096,Bill,2026-02-13 00:00:00,Net 30,236,0168736-IN
Seattle,46094,Bill,2026-02-11 00:00:00,Net 30,1674.98,204072134
Seattle,46099,Bill,2026-02-16 00:00:00,Net 30,2390.66,204233049
Seattle,46093,Bill,2026-02-10 00:00:00,Net 30,154.16,1132996149
Seattle,46111,Bill,2026-02-28 00:00:00,Net 30,608.89,CL1208054
Seattle,46099,Bill,2026-02-16 00:00:00,Net 30,461.94,CL1201911
Spokane,46083,Bill,2026-01-31 00:00:00,Net 30,720.51,CL1196167
Seattle,46111,Bill,2026-02-28 00:00:00,Net 30,443.94,BA205016293:01
Seattle,46083,Bill,2026-01-31 00:00:00,Net 30,443.94,BA205016129:01
Seattle,46089,Bill,2026-02-06 00:00:00,Net 30,3938,200310
Seattle,46089,Bill,2026-02-06 00:00:00,Net 30,565.11,200472
Seattle,46089,Bill,2026-02-06 00:00:00,Net 30,413.46,200495
Seattle,46089,Bill,2026-02-06 00:00:00,Net 30,358.74,200503
Seattle,46086,Bill,2026-02-03 00:00:00,Net 30,62.73,INV552464
Seattle,46092,Bill,2026-02-09 00:00:00,Net 30,63.65,INV552746
Seattle,,Credit,2025-05-29 00:00:00,Immediate,-28773.12,Broan RMA 655
