Account Number,INVOICE_ID,INVOICE_AMOUNT,INVOICE_DATE,INVOICE_CURRENCY_CODE,Source Entity,INVOICE_TYPE,Source Description,SUPPLIER_NUMBER,SUPPLIER_NAME,LINE_NUMBER,LINE_TYPE,LINE_AMOUNT,Product Line Description,CHARGE_ACCOUNT
100157521,105003,429.78,2026-04-23,USD,Conversion,STANDARD,,102784,RAYPAK,1,ITEM,429.78,Etairos_Line_1,1270.1207.000.000.115101.0000.000
100158664,105004,483.6,2026-05-01,USD,Conversion,STANDARD,,102784,RAYPAK,1,ITEM,483.6,Etairos_Line_1,1270.1207.000.000.115101.0000.000
100158668,105005,362.7,2026-05-01,USD,Conversion,STANDARD,,102784,RAYPAK,1,ITEM,362.7,Etairos_Line_1,1270.1209.000.000.115101.0000.000
100159457,105006,244.14,2026-05-07,USD,Conversion,STANDARD,,102784,RAYPAK,1,ITEM,244.14,Etairos_Line_1,1270.1209.000.000.115101.0000.000
100159825,105007,1061.58,2026-05-11,USD,Conversion,STANDARD,,102784,RAYPAK,1,ITEM,1061.58,Etairos_Line_1,1270.1209.000.000.115101.0000.000
100159826,105008,453.18,2026-05-11,USD,Conversion,STANDARD,,102784,RAYPAK,1,ITEM,453.18,Etairos_Line_1,1270.1209.000.000.115101.0000.000
100159857,105009,70.2,2026-05-11,USD,Conversion,STANDARD,,102784,RAYPAK,1,ITEM,70.2,Etairos_Line_1,1270.1209.000.000.115101.0000.000
100161567,105010,269.1,2026-05-19,USD,Conversion,STANDARD,,102784,RAYPAK,1,ITEM,269.1,Etairos_Line_1,1270.1209.000.000.115101.0000.000
100161751,105011,89.7,2026-05-19,USD,Conversion,STANDARD,,102784,RAYPAK,1,ITEM,89.7,Etairos_Line_1,1270.1209.000.000.115101.0000.000
100162087,105012,143.24,2026-05-21,USD,Conversion,STANDARD,,102784,RAYPAK,1,ITEM,143.24,Etairos_Line_1,1270.1209.000.000.115101.0000.000
100834021,104131,1884.31,2026-05-26,USD,Conversion,STANDARD,ZAG-01106,100617,JOHNSTONE SUPPLY,1,ITEM,1884.31,Etairos_Line_1,1270.1209.100.000.511000.0000.000
114233,104132,149.67,2026-04-30,USD,Conversion,STANDARD,,102863,HEDERMAN BROTHERS,1,ITEM,149.67,Etairos_Line_1,1270.1209.100.600.720010.0000.000
115030,104133,161.74,2026-05-27,USD,Conversion,STANDARD,,102863,HEDERMAN BROTHERS,1,ITEM,161.74,Etairos_Line_1,1270.1209.100.600.720010.0000.000
115443,104134,3255.1,2026-05-08,USD,Conversion,STANDARD,,102863,HEDERMAN BROTHERS,1,ITEM,651.02,Etairos_Line_1,1270.1209.100.600.726010.0000.000
115443,104134,3255.1,2026-05-08,USD,Conversion,STANDARD,,102863,HEDERMAN BROTHERS,2,ITEM,651.02,Etairos_Line_2,1270.1209.100.600.726010.0000.000
115443,104134,3255.1,2026-05-08,USD,Conversion,STANDARD,,102863,HEDERMAN BROTHERS,3,ITEM,651.02,Etairos_Line_3,1270.1209.100.600.726010.0000.000
115443,104134,3255.1,2026-05-08,USD,Conversion,STANDARD,,102863,HEDERMAN BROTHERS,4,ITEM,651.02,Etairos_Line_4,1270.1209.100.600.726010.0000.000
115443,104134,3255.1,2026-05-08,USD,Conversion,STANDARD,,102863,HEDERMAN BROTHERS,5,ITEM,651.02,Etairos_Line_5,1270.1209.100.600.726010.0000.000
120013M,105013,16782.4,2026-04-27,USD,Conversion,STANDARD,,102858,METU-STREIMER,1,ITEM,16782.4,Etairos_Line_1,1270.1209.000.000.115101.0000.000
1332245,105014,162.87,2026-04-30,USD,Conversion,STANDARD,,102405,AAON INC,1,ITEM,162.87,Etairos_Line_1,1270.1209.000.000.115101.0000.000
1332259,105015,326.49,2026-04-30,USD,Conversion,STANDARD,,102405,AAON INC,1,ITEM,326.49,Etairos_Line_1,1270.1209.000.000.115101.0000.000
1332334,105016,3736.72,2026-04-30,USD,Conversion,STANDARD,,102405,AAON INC,1,ITEM,3736.72,Etairos_Line_1,1270.1207.000.000.115101.0000.000
1332395,104135,49244.22,2026-04-30,USD,Conversion,STANDARD,SDW-10343,102405,AAON INC,1,ITEM,49244.22,Etairos_Line_1,1270.1209.100.000.511000.0000.000
1332452,105017,665.27,2026-04-30,USD,Conversion,STANDARD,,102405,AAON INC,1,ITEM,665.27,Etairos_Line_1,1270.1207.000.000.115101.0000.000
1332523,104136,53516.66,2026-04-30,USD,Conversion,STANDARD,GPB-10350,102405,AAON INC,1,ITEM,53516.66,Etairos_Line_1,1270.1209.100.000.511000.0000.000
1332630,105018,7860.47,2026-04-30,USD,Conversion,STANDARD,,102405,AAON INC,1,ITEM,7860.47,Etairos_Line_1,1270.1207.000.000.115101.0000.000
1332673,105019,794.34,2026-04-30,USD,Conversion,STANDARD,,102405,AAON INC,1,ITEM,794.34,Etairos_Line_1,1270.1209.000.000.115101.0000.000
1332709,105020,6127.15,2026-05-04,USD,Conversion,STANDARD,,102405,AAON INC,1,ITEM,6127.15,Etairos_Line_1,1270.1209.000.000.115101.0000.000
1332822,105021,1522.17,2026-05-04,USD,Conversion,STANDARD,,102405,AAON INC,1,ITEM,1522.17,Etairos_Line_1,1270.1209.000.000.115101.0000.000
1332837,104137,17.19,2026-05-04,USD,Conversion,STANDARD,,102405,AAON INC,1,ITEM,17.19,Etairos_Line_1,1270.1209.200.000.511000.0000.000
1332843,104138,19.21,2026-05-04,USD,Conversion,STANDARD,,102405,AAON INC,1,ITEM,19.21,Etairos_Line_1,1270.1209.200.000.511000.0000.000
1333100,104139,17.19,2026-05-05,USD,Conversion,STANDARD,,102405,AAON INC,1,ITEM,17.19,Etairos_Line_1,1270.1209.200.000.511000.0000.000
1333657,105022,1551.92,2026-05-07,USD,Conversion,STANDARD,,102405,AAON INC,1,ITEM,1551.92,Etairos_Line_1,1270.1209.000.000.115101.0000.000
1333675,105023,1695.17,2026-05-07,USD,Conversion,STANDARD,,102405,AAON INC,1,ITEM,1695.17,Etairos_Line_1,1270.1209.000.000.115101.0000.000
1333679,105024,1628.5,2026-05-07,USD,Conversion,STANDARD,,102405,AAON INC,1,ITEM,1628.5,Etairos_Line_1,1270.1209.000.000.115101.0000.000
1333683,105025,1979.68,2026-05-07,USD,Conversion,STANDARD,,102405,AAON INC,1,ITEM,1979.68,Etairos_Line_1,1270.1209.000.000.115101.0000.000
1333684,105026,1633.13,2026-05-07,USD,Conversion,STANDARD,,102405,AAON INC,1,ITEM,1633.13,Etairos_Line_1,1270.1209.000.000.115101.0000.000
1333688,105027,109804.42,2026-05-07,USD,Conversion,STANDARD,,102405,AAON INC,1,ITEM,109804.42,Etairos_Line_1,1270.1209.000.000.115101.0000.000
1333688A,105028,15.93,2026-05-07,USD,Conversion,STANDARD,,102405,AAON INC,1,ITEM,15.93,Etairos_Line_1,1270.1209.000.000.115101.0000.000
1333711,105029,3655.82,2026-05-07,USD,Conversion,STANDARD,,102405,AAON INC,1,ITEM,3655.82,Etairos_Line_1,1270.1207.000.000.115101.0000.000
1333724,105030,2328.39,2026-05-07,USD,Conversion,STANDARD,,102405,AAON INC,1,ITEM,2328.39,Etairos_Line_1,1270.1207.000.000.115101.0000.000
1333726,105031,404.44,2026-05-07,USD,Conversion,STANDARD,,102405,AAON INC,1,ITEM,404.44,Etairos_Line_1,1270.1209.000.000.115101.0000.000
1333896,105032,546.2,2026-05-08,USD,Conversion,STANDARD,,102405,AAON INC,1,ITEM,546.2,Etairos_Line_1,1270.1209.000.000.115101.0000.000
1334061,105033,3161.67,2026-05-08,USD,Conversion,STANDARD,,102405,AAON INC,1,ITEM,3161.67,Etairos_Line_1,1270.1207.000.000.115101.0000.000
1334301,105034,235.19,2026-05-11,USD,Conversion,STANDARD,,102405,AAON INC,1,ITEM,235.19,Etairos_Line_1,1270.1207.000.000.115101.0000.000
1334348,105035,3335.79,2026-05-11,USD,Conversion,STANDARD,,102405,AAON INC,1,ITEM,3335.79,Etairos_Line_1,1270.1209.000.000.115101.0000.000
1334355,105036,1822.89,2026-05-11,USD,Conversion,STANDARD,,102405,AAON INC,1,ITEM,1822.89,Etairos_Line_1,1270.1209.000.000.115101.0000.000
1334419,105037,2219.26,2026-05-11,USD,Conversion,STANDARD,,102405,AAON INC,1,ITEM,2219.26,Etairos_Line_1,1270.1207.000.000.115101.0000.000
1334524,105038,1857.35,2026-05-12,USD,Conversion,STANDARD,,102405,AAON INC,1,ITEM,1857.35,Etairos_Line_1,1270.1209.000.000.115101.0000.000
1334554,105039,80.69,2026-05-12,USD,Conversion,STANDARD,,102405,AAON INC,1,ITEM,80.69,Etairos_Line_1,1270.1209.000.000.115101.0000.000
1334579,105040,598.06,2026-05-12,USD,Conversion,STANDARD,,102405,AAON INC,1,ITEM,598.06,Etairos_Line_1,1270.1207.000.000.115101.0000.000
1334880,105041,5177.24,2026-05-13,USD,Conversion,STANDARD,,102405,AAON INC,1,ITEM,5177.24,Etairos_Line_1,1270.1209.000.000.115101.0000.000
1334888,105042,14140.17,2026-05-13,USD,Conversion,STANDARD,,102405,AAON INC,1,ITEM,14140.17,Etairos_Line_1,1270.1209.000.000.115101.0000.000
1334963,105043,508.67,2026-05-13,USD,Conversion,STANDARD,,102405,AAON INC,1,ITEM,508.67,Etairos_Line_1,1270.1207.000.000.115101.0000.000
1335082,105044,479.58,2026-05-14,USD,Conversion,STANDARD,,102405,AAON INC,1,ITEM,479.58,Etairos_Line_1,1270.1209.000.000.115101.0000.000
1335247,104140,204.2,2026-05-14,USD,Conversion,STANDARD,CGW-01090,102405,AAON INC,1,ITEM,204.2,Etairos_Line_1,1270.1207.100.000.511000.0000.000
1335516,105045,3918.38,2026-05-15,USD,Conversion,STANDARD,,102405,AAON INC,1,ITEM,3918.38,Etairos_Line_1,1270.1209.000.000.115101.0000.000
1335831,105046,538.04,2026-05-18,USD,Conversion,STANDARD,,102405,AAON INC,1,ITEM,538.04,Etairos_Line_1,1270.1209.000.000.115101.0000.000
1335979,105047,250.43,2026-05-19,USD,Conversion,STANDARD,,102405,AAON INC,1,ITEM,250.43,Etairos_Line_1,1270.1209.000.000.115101.0000.000
1335997,105048,56.25,2026-05-19,USD,Conversion,STANDARD,,102405,AAON INC,1,ITEM,56.25,Etairos_Line_1,1270.1209.000.000.115101.0000.000
1336048,105049,2321.25,2026-05-19,USD,Conversion,STANDARD,,102405,AAON INC,1,ITEM,2321.25,Etairos_Line_1,1270.1207.000.000.115101.0000.000
1336081,104141,32.68,2026-05-19,USD,Conversion,STANDARD,GRG-10417,102405,AAON INC,1,ITEM,32.68,Etairos_Line_1,1270.1209.100.000.511000.0000.000
1336259,105050,454.65,2026-05-20,USD,Conversion,STANDARD,,102405,AAON INC,1,ITEM,454.65,Etairos_Line_1,1270.1207.000.000.115101.0000.000
1336268,105051,75.18,2026-05-20,USD,Conversion,STANDARD,,102405,AAON INC,1,ITEM,75.18,Etairos_Line_1,1270.1207.000.000.115101.0000.000
1336562,105052,2006.22,2026-05-21,USD,Conversion,STANDARD,,102405,AAON INC,1,ITEM,2006.22,Etairos_Line_1,1270.1209.000.000.115101.0000.000
1336599,105053,406.5,2026-05-21,USD,Conversion,STANDARD,,102405,AAON INC,1,ITEM,406.5,Etairos_Line_1,1270.1209.000.000.115101.0000.000
1336778,105054,4979.25,2026-05-21,USD,Conversion,STANDARD,,102405,AAON INC,1,ITEM,4979.25,Etairos_Line_1,1270.1209.000.000.115101.0000.000
1336939,104142,117.76,2026-05-22,USD,Conversion,STANDARD,,102405,AAON INC,1,ITEM,117.76,Etairos_Line_1,1270.1209.100.600.726010.0000.000
1337221,105055,243.7,2026-05-26,USD,Conversion,STANDARD,,102405,AAON INC,1,ITEM,243.7,Etairos_Line_1,1270.1207.000.000.115101.0000.000
1338409,104143,44667.96,2026-05-29,USD,Conversion,STANDARD,WJT-01086,102405,AAON INC,1,ITEM,44667.96,Etairos_Line_1,1270.1209.100.000.511000.0000.000
140478,104144,6802,2026-04-27,USD,Conversion,STANDARD,SDW-10366,102565,MGM PRODUCTS INC,1,ITEM,6802,Etairos_Line_1,1270.1209.100.000.511000.0000.000
14658172,104145,442.08,2026-05-31,USD,Conversion,STANDARD,,102579,NEXAIR LLC,1,ITEM,442.08,Etairos_Line_1,1270.1207.150.000.511000.0000.000
14666157,104146,89.89,2026-05-31,USD,Conversion,STANDARD,,102579,NEXAIR LLC,1,ITEM,89.89,Etairos_Line_1,1270.1209.100.000.511000.0000.000
15237STK2,105056,54,2026-03-16,USD,Conversion,STANDARD,,100203,American Express,1,ITEM,54,Etairos_Line_1,1270.1209.000.000.115101.0000.000
15237STK3,105057,72,2026-03-17,USD,Conversion,STANDARD,,100203,American Express,1,ITEM,72,Etairos_Line_1,1270.1209.000.000.115101.0000.000
15705,105058,940.56,2026-05-21,USD,Conversion,STANDARD,,100203,American Express,1,ITEM,940.56,Etairos_Line_1,1270.1209.000.000.115101.0000.000
161027557,105059,786.51,2026-05-26,USD,Conversion,STANDARD,,103584,EVERON LLC,1,ITEM,262.17,Etairos_Line_1,1270.1209.100.600.727040.0000.000
161027557,105059,786.51,2026-05-26,USD,Conversion,STANDARD,,103584,EVERON LLC,2,ITEM,262.17,Etairos_Line_2,1270.1209.100.600.727040.0000.000
161027557,105059,786.51,2026-05-26,USD,Conversion,STANDARD,,103584,EVERON LLC,3,ITEM,262.17,Etairos_Line_3,1270.1209.100.600.727040.0000.000
161027558,105060,666,2026-05-26,USD,Conversion,STANDARD,,103584,EVERON LLC,1,ITEM,222,Etairos_Line_1,1270.1209.100.600.727040.0000.000
161027558,105060,666,2026-05-26,USD,Conversion,STANDARD,,103584,EVERON LLC,2,ITEM,222,Etairos_Line_2,1270.1209.100.600.727040.0000.000
161027558,105060,666,2026-05-26,USD,Conversion,STANDARD,,103584,EVERON LLC,3,ITEM,222,Etairos_Line_3,1270.1209.100.600.727040.0000.000
161027559,105061,702.99,2026-05-26,USD,Conversion,STANDARD,,103584,EVERON LLC,1,ITEM,234.33,Etairos_Line_1,1270.1207.100.600.727040.0000.000
161027559,105061,702.99,2026-05-26,USD,Conversion,STANDARD,,103584,EVERON LLC,2,ITEM,234.33,Etairos_Line_2,1270.1207.100.600.727040.0000.000
161027559,105061,702.99,2026-05-26,USD,Conversion,STANDARD,,103584,EVERON LLC,3,ITEM,234.33,Etairos_Line_3,1270.1207.100.600.727040.0000.000
161027560,105062,17.07,2026-05-26,USD,Conversion,STANDARD,,103584,EVERON LLC,1,ITEM,5.69,Etairos_Line_1,1270.1207.100.600.727040.0000.000
161027560,105062,17.07,2026-05-26,USD,Conversion,STANDARD,,103584,EVERON LLC,2,ITEM,5.69,Etairos_Line_2,1270.1207.100.600.727040.0000.000
161027560,105062,17.07,2026-05-26,USD,Conversion,STANDARD,,103584,EVERON LLC,3,ITEM,5.69,Etairos_Line_3,1270.1207.100.600.727040.0000.000
16161,104147,1419.56,2026-04-29,USD,Conversion,STANDARD,JPH-10196,102851,UV RESOURCES LLC,1,ITEM,1419.56,Etairos_Line_1,1270.1207.100.000.511000.0000.000
16193,104148,2178.55,2026-05-01,USD,Conversion,STANDARD,SDW-10372,102851,UV RESOURCES LLC,1,ITEM,2178.55,Etairos_Line_1,1270.1209.100.000.511000.0000.000
180-106917,104149,2320,2026-05-27,USD,Conversion,STANDARD,GRG-10431,103185,MIH SYSTEMS GROUP,1,ITEM,2320,Etairos_Line_1,1270.1209.100.000.511000.0000.000
180328,104150,13800,2026-05-28,USD,Conversion,STANDARD,,103281,CONTROL APPLICATIONS INC,1,ITEM,13800,Etairos_Line_1,1270.1209.100.000.520200.0000.000
1864760000,105063,50.92,2026-04-17,USD,Conversion,STANDARD,,102648,UNITED REFRIGERATION,1,ITEM,50.92,Etairos_Line_1,1270.1209.000.000.151120.0000.000
1867240500,104151,101.82,2026-04-20,USD,Conversion,STANDARD,,102648,UNITED REFRIGERATION,1,ITEM,101.82,Etairos_Line_1,1270.1209.200.000.511000.0000.000
1870124500,104152,101.82,2026-04-21,USD,Conversion,STANDARD,,102648,UNITED REFRIGERATION,1,ITEM,101.82,Etairos_Line_1,1270.1209.200.000.511000.0000.000
1870848600,104153,165.5,2026-04-21,USD,Conversion,STANDARD,,102648,UNITED REFRIGERATION,1,ITEM,165.5,Etairos_Line_1,1270.1209.100.600.740010.0000.000
1873191600,104154,849.58,2026-04-22,USD,Conversion,STANDARD,,102648,UNITED REFRIGERATION,1,ITEM,849.58,Etairos_Line_1,1270.1209.200.000.511000.0000.000
1876726300,104155,86.08,2026-04-23,USD,Conversion,STANDARD,,102648,UNITED REFRIGERATION,1,ITEM,86.08,Etairos_Line_1,1270.1209.200.000.511000.0000.000
1877563400,104156,101.82,2026-04-24,USD,Conversion,STANDARD,,102648,UNITED REFRIGERATION,1,ITEM,101.82,Etairos_Line_1,1270.1209.200.000.511000.0000.000
1882528500,104157,86.08,2026-04-28,USD,Conversion,STANDARD,,102648,UNITED REFRIGERATION,1,ITEM,86.08,Etairos_Line_1,1270.1209.200.000.511000.0000.000
1886562100,104158,133.25,2026-04-29,USD,Conversion,STANDARD,,102648,UNITED REFRIGERATION,1,ITEM,133.25,Etairos_Line_1,1270.1209.200.000.511000.0000.000
1887604800,104159,287.63,2026-04-30,USD,Conversion,STANDARD,,102648,UNITED REFRIGERATION,1,ITEM,287.63,Etairos_Line_1,1270.1209.100.600.740010.0000.000
1887639100,104160,83.81,2026-04-30,USD,Conversion,STANDARD,,102648,UNITED REFRIGERATION,1,ITEM,83.81,Etairos_Line_1,1270.1209.200.600.721040.0000.000
1899834600,104161,64.67,2026-05-07,USD,Conversion,STANDARD,,102648,UNITED REFRIGERATION,1,ITEM,64.67,Etairos_Line_1,1270.1209.200.000.511000.0000.000
1900432598,105064,4985.84,2026-04-30,USD,Conversion,STANDARD,,102965,GRUNDFOS PUMPS,1,ITEM,4985.84,Etairos_Line_1,1270.1207.000.000.115101.0000.000
1900432763,105065,434.29,2026-05-01,USD,Conversion,STANDARD,,102965,GRUNDFOS PUMPS,1,ITEM,434.29,Etairos_Line_1,1270.1207.000.000.115101.0000.000
1900433493,105066,579.5,2026-05-07,USD,Conversion,STANDARD,,102965,GRUNDFOS PUMPS,1,ITEM,579.5,Etairos_Line_1,1270.1207.000.000.115101.0000.000
1900433807,105067,256.61,2026-05-11,USD,Conversion,STANDARD,,102965,GRUNDFOS PUMPS,1,ITEM,256.61,Etairos_Line_1,1270.1209.000.000.115101.0000.000
1900434019,105068,779.79,2026-05-13,USD,Conversion,STANDARD,,102965,GRUNDFOS PUMPS,1,ITEM,779.79,Etairos_Line_1,1270.1207.000.000.115101.0000.000
1900434167,104162,2835.16,2026-05-13,USD,Conversion,STANDARD,EKS-01091,102965,GRUNDFOS PUMPS,1,ITEM,2835.16,Etairos_Line_1,1270.1207.100.000.511000.0000.000
1903440200,104163,51.82,2026-05-08,USD,Conversion,STANDARD,,102648,UNITED REFRIGERATION,1,ITEM,51.82,Etairos_Line_1,1270.1209.200.000.511000.0000.000
1920015134,104164,-753.42,2026-05-13,USD,Conversion,CREDIT,,102965,GRUNDFOS PUMPS,1,ITEM,-753.42,Etairos_Line_1,1270.1207.150.000.511000.0000.000
1929034800,104165,31.36,2026-05-22,USD,Conversion,STANDARD,,102648,UNITED REFRIGERATION,1,ITEM,31.36,Etairos_Line_1,1270.1209.200.000.511000.0000.000
1935302700,104166,62.13,2026-05-27,USD,Conversion,STANDARD,,102648,UNITED REFRIGERATION,1,ITEM,62.13,Etairos_Line_1,1270.1209.200.000.511000.0000.000
2026031307,104366,314603.07,2026-03-31,USD,Conversion,STANDARD,EKS-01098,102768,FULTON THERMAL CORP,1,ITEM,314603.07,Etairos_Line_1,1270.1207.100.000.511000.0000.000
2026050096,104367,-2648.1,2026-05-27,USD,Conversion,CREDIT,,102768,FULTON THERMAL CORP,1,ITEM,-2648.1,Etairos_Line_1,1270.1207.150.000.511000.0000.000
206919244,104167,206.54,2026-04-17,USD,Conversion,STANDARD,,102645,ULINE SHIPPING SUPPLY,1,ITEM,206.54,Etairos_Line_1,1270.1209.100.000.511000.0000.000
207916957,104168,51.03,2026-05-11,USD,Conversion,STANDARD,,102645,ULINE SHIPPING SUPPLY,1,ITEM,51.03,Etairos_Line_1,1270.1209.100.600.726010.0000.000
208063025,105069,6784.44,2026-05-14,USD,Conversion,STANDARD,,102645,ULINE SHIPPING SUPPLY,1,ITEM,6784.44,Etairos_Line_1,1270.1209.000.000.151120.0000.000
208430705,104169,2544.98,2026-05-22,USD,Conversion,STANDARD,,102645,ULINE SHIPPING SUPPLY,1,ITEM,2544.98,Etairos_Line_1,1270.1209.100.600.726010.0000.000
208547310,104170,421.14,2026-05-27,USD,Conversion,STANDARD,,102645,ULINE SHIPPING SUPPLY,1,ITEM,421.14,Etairos_Line_1,1270.1209.100.600.726010.0000.000
2099477,104171,28096.42,2026-04-15,USD,Conversion,STANDARD,SDW-10369,101382,CAMFIL USA INC,1,ITEM,28096.42,Etairos_Line_1,1270.1209.100.000.511000.0000.000
2100525,105070,5038.89,2026-04-23,USD,Conversion,STANDARD,,101382,CAMFIL USA INC,1,ITEM,5038.89,Etairos_Line_1,1270.1209.000.000.115101.0000.000
2100917,105071,81.52,2026-04-27,USD,Conversion,STANDARD,,101382,CAMFIL USA INC,1,ITEM,81.52,Etairos_Line_1,1270.1209.000.000.115101.0000.000
2100961,105072,373.49,2026-04-27,USD,Conversion,STANDARD,,101382,CAMFIL USA INC,1,ITEM,373.49,Etairos_Line_1,1270.1209.000.000.115101.0000.000
2101755,105073,155.01,2026-05-04,USD,Conversion,STANDARD,,101382,CAMFIL USA INC,1,ITEM,155.01,Etairos_Line_1,1270.1209.000.000.115101.0000.000
2101829,105074,418.53,2026-05-04,USD,Conversion,STANDARD,,101382,CAMFIL USA INC,1,ITEM,418.53,Etairos_Line_1,1270.1209.000.000.115101.0000.000
2102158,104172,190.65,2026-05-06,USD,Conversion,STANDARD,ZAG-01088,101382,CAMFIL USA INC,1,ITEM,190.65,Etairos_Line_1,1270.1209.100.000.511000.0000.000
2102626,104173,2764.45,2026-05-11,USD,Conversion,STANDARD,WJT-01086,101382,CAMFIL USA INC,1,ITEM,2764.45,Etairos_Line_1,1270.1209.100.000.511000.0000.000
2102682,105075,102.51,2026-05-11,USD,Conversion,STANDARD,,101382,CAMFIL USA INC,1,ITEM,102.51,Etairos_Line_1,1270.1209.000.000.115101.0000.000
2103039,104174,127.01,2026-05-13,USD,Conversion,STANDARD,,101382,CAMFIL USA INC,1,ITEM,127.01,Etairos_Line_1,1270.1209.100.000.511000.0000.000
2103471,105076,10587.84,2026-05-15,USD,Conversion,STANDARD,,101382,CAMFIL USA INC,1,ITEM,10587.84,Etairos_Line_1,1270.1209.000.000.115101.0000.000
21528113,104175,241.78,2026-04-23,USD,Conversion,STANDARD,,100330,TRANE US INC,1,ITEM,241.78,Etairos_Line_1,1270.1209.200.000.511000.0000.000
21546981,104176,215.13,2026-04-27,USD,Conversion,STANDARD,,100330,TRANE US INC,1,ITEM,215.13,Etairos_Line_1,1270.1209.200.000.511000.0000.000
229476,105077,246.95,2026-04-21,USD,Conversion,STANDARD,,103332,HOBBS & ASSOCIATES INC,1,ITEM,246.95,Etairos_Line_1,1270.1209.000.000.115101.1281.000
229666,105078,752.42,2026-04-22,USD,Conversion,STANDARD,,103332,HOBBS & ASSOCIATES INC,1,ITEM,752.42,Etairos_Line_1,1270.1209.000.000.115101.1281.000
230763,105079,233,2026-05-01,USD,Conversion,STANDARD,,103332,HOBBS & ASSOCIATES INC,1,ITEM,233,Etairos_Line_1,1270.1209.000.000.115101.1281.000
230809,105080,251.4,2026-05-01,USD,Conversion,STANDARD,,103332,HOBBS & ASSOCIATES INC,1,ITEM,251.4,Etairos_Line_1,1270.1209.000.000.115101.1281.000
230906,104177,8993.5,2026-05-13,USD,Conversion,STANDARD,GPB-10237,102815,BERNER INTERNATIONAL CORP,1,ITEM,8993.5,Etairos_Line_1,1270.1209.100.000.511000.0000.000
231421,105081,6334.01,2026-05-08,USD,Conversion,STANDARD,,101667,HOBBS & ASSOCIATES,1,ITEM,6334.01,Etairos_Line_1,1270.1209.000.000.115101.1281.000
233000,105082,86948,2026-05-26,USD,Conversion,STANDARD,,103332,HOBBS & ASSOCIATES INC,1,ITEM,86948,Etairos_Line_1,1270.1209.000.000.115101.1281.000
24003-1125,104178,.01,2025-11-11,USD,Conversion,STANDARD,,100203,American Express,1,ITEM,.01,Etairos_Line_1,1270.1209.100.000.511000.0000.000
24386,105083,3768.73,2026-05-11,USD,Conversion,STANDARD,,102769,HOLBY VALVE INC,1,ITEM,3768.73,Etairos_Line_1,1270.1209.000.000.115101.0000.000
2567959,104179,284793.8,2026-05-18,USD,Conversion,STANDARD,SDW-10368,102766,ECON-AIR/CAPTIVE AIRE,1,ITEM,284793.8,Etairos_Line_1,1270.1209.100.000.511000.0000.000
2591053329,105084,1046.08,2026-05-07,USD,Conversion,STANDARD,,102443,BOSCH THERMOTECHNOLOGY CORP,1,ITEM,1046.08,Etairos_Line_1,1270.1209.000.000.115101.0000.000
2591055548,104180,296.56,2026-05-14,USD,Conversion,STANDARD,JPH-10198,102443,BOSCH THERMOTECHNOLOGY CORP,1,ITEM,296.56,Etairos_Line_1,1270.1207.100.000.511000.0000.000
2604004,105085,13299.9,2026-04-06,USD,Conversion,STANDARD,,102411,AIR COMPONENTS INC,1,ITEM,13299.9,Etairos_Line_1,1270.1209.000.000.115101.1190.000
2604006,105086,24588.02,2026-04-06,USD,Conversion,STANDARD,,102411,AIR COMPONENTS INC,1,ITEM,24588.02,Etairos_Line_1,1270.1209.000.000.115101.1190.000
2604007,105087,11997.21,2026-04-06,USD,Conversion,STANDARD,,102411,AIR COMPONENTS INC,1,ITEM,11997.21,Etairos_Line_1,1270.1209.000.000.115101.1190.000
2604036,104181,4257,2026-04-10,USD,Conversion,STANDARD,KMG-01281,102411,AIR COMPONENTS INC,1,ITEM,4257,Etairos_Line_1,1270.1209.100.000.511000.1190.000
2604105,104182,996,2026-04-16,USD,Conversion,STANDARD,SDW-10372,102411,AIR COMPONENTS INC,1,ITEM,996,Etairos_Line_1,1270.1209.100.000.511000.1190.000
2604160,104183,17927.7,2026-04-21,USD,Conversion,STANDARD,KMG-01243,102411,AIR COMPONENTS INC,1,ITEM,17927.7,Etairos_Line_1,1270.1209.100.000.511000.1190.000
2604185,104184,4766.02,2026-04-24,USD,Conversion,STANDARD,KMG-01243,102411,AIR COMPONENTS INC,1,ITEM,4766.02,Etairos_Line_1,1270.1209.100.000.511000.1190.000
2604208,105088,730,2026-04-27,USD,Conversion,STANDARD,,102411,AIR COMPONENTS INC,1,ITEM,730,Etairos_Line_1,1270.1209.000.000.115101.1190.000
2604220,104185,29879.5,2026-04-27,USD,Conversion,STANDARD,KMG-01243,102411,AIR COMPONENTS INC,1,ITEM,29879.5,Etairos_Line_1,1270.1209.100.000.511000.1190.000
2604249,105089,952,2026-04-30,USD,Conversion,STANDARD,,102411,AIR COMPONENTS INC,1,ITEM,952,Etairos_Line_1,1270.1209.000.000.115101.1190.000
2604255,104186,13882,2026-04-30,USD,Conversion,STANDARD,CCO-10802,102411,AIR COMPONENTS INC,1,ITEM,13882,Etairos_Line_1,1270.1209.100.000.511000.1190.000
2604280,105090,3943.98,2026-05-06,USD,Conversion,STANDARD,,102411,AIR COMPONENTS INC,1,ITEM,3943.98,Etairos_Line_1,1270.1209.000.000.115101.1190.000
2604404,105091,1290,2026-05-19,USD,Conversion,STANDARD,,102411,AIR COMPONENTS INC,1,ITEM,1290,Etairos_Line_1,1270.1209.000.000.115101.1190.000
2604415,104187,2542,2026-05-14,USD,Conversion,STANDARD,ZAG-01105,102411,AIR COMPONENTS INC,1,ITEM,2542,Etairos_Line_1,1270.1209.100.000.511000.1190.000
2604517,104188,450,2026-05-29,USD,Conversion,STANDARD,KMG-01265,102411,AIR COMPONENTS INC,1,ITEM,450,Etairos_Line_1,1270.1209.100.000.511000.1190.000
2604534,104189,10404,2026-05-30,USD,Conversion,STANDARD,SDW-10370,102411,AIR COMPONENTS INC,1,ITEM,10404,Etairos_Line_1,1270.1209.100.000.511000.1190.000
26056,104190,1630,2026-05-14,USD,Conversion,STANDARD,,102483,ENVIROMENTAL TEST & BALANCE CO,1,ITEM,1630,Etairos_Line_1,1270.1209.100.000.520200.0000.000
260686,104191,152.71,2026-04-24,USD,Conversion,STANDARD,WJT-01099,102782,PRO HYDRONIC SPECIALITES,1,ITEM,152.71,Etairos_Line_1,1270.1209.100.000.511000.0000.000
260805,104192,278.38,2026-05-12,USD,Conversion,STANDARD,RGB-01293,102782,PRO HYDRONIC SPECIALITES,1,ITEM,278.38,Etairos_Line_1,1270.1209.100.000.511000.0000.000
260832,104193,17602.14,2026-05-15,USD,Conversion,STANDARD,WJT-01103,102782,PRO HYDRONIC SPECIALITES,1,ITEM,17602.14,Etairos_Line_1,1270.1209.100.000.511000.0000.000
260900,104194,149.78,2026-05-26,USD,Conversion,STANDARD,RGB-01293,102782,PRO HYDRONIC SPECIALITES,1,ITEM,149.78,Etairos_Line_1,1270.1209.100.000.511000.0000.000
260927,104195,10818.84,2026-05-28,USD,Conversion,STANDARD,WJT-01103,102782,PRO HYDRONIC SPECIALITES,1,ITEM,10818.84,Etairos_Line_1,1270.1209.100.000.511000.0000.000
26343216CR,104196,-651.01,2026-04-29,USD,Conversion,CREDIT,JPH-10124,102443,BOSCH THERMOTECHNOLOGY CORP,1,ITEM,-651.01,Etairos_Line_1,1270.1207.100.000.511000.0000.000
26AH0320,104197,-3461.11,2026-03-20,USD,Conversion,CREDIT,,102405,AAON INC,1,ITEM,-3461.11,Etairos_Line_1,1270.1209.100.000.511000.0000.000
28288933,104198,932.4,2026-04-21,USD,Conversion,STANDARD,RGB-01309,101784,LG ELECTRONICS USA INC,1,ITEM,932.4,Etairos_Line_1,1270.1209.100.000.511000.0000.000
283180,104199,7445.25,2026-05-07,USD,Conversion,STANDARD,CCO-10798,100622,SOLARONICS INC,1,ITEM,7445.25,Etairos_Line_1,1270.1209.100.000.511000.0000.000
283258,104200,435.3,2026-05-19,USD,Conversion,STANDARD,CCO-10798,100622,SOLARONICS INC,1,ITEM,435.3,Etairos_Line_1,1270.1209.100.000.511000.0000.000
28400047,105092,2717.82,2026-05-07,USD,Conversion,STANDARD,,101784,LG ELECTRONICS USA INC,1,ITEM,2717.82,Etairos_Line_1,1270.1209.000.000.115101.0000.000
28416785,104201,4536,2026-05-06,USD,Conversion,STANDARD,GPB-10348,101784,LG ELECTRONICS USA INC,1,ITEM,4536,Etairos_Line_1,1270.1209.100.000.511000.0000.000
28448336,104202,1083.6,2026-05-07,USD,Conversion,STANDARD,RGB-01309,101784,LG ELECTRONICS USA INC,1,ITEM,1083.6,Etairos_Line_1,1270.1209.100.000.511000.0000.000
28484082,104203,238.7,2026-05-13,USD,Conversion,STANDARD,JCW-01059,101784,LG ELECTRONICS USA INC,1,ITEM,238.7,Etairos_Line_1,1270.1209.100.000.511000.0000.000
28631505,104204,270,2026-05-28,USD,Conversion,STANDARD,RGB-01309,101784,LG ELECTRONICS USA INC,1,ITEM,270,Etairos_Line_1,1270.1209.100.000.511000.0000.000
28637621,104205,675,2026-05-29,USD,Conversion,STANDARD,,102459,COOK'S PEST CONTROL,1,ITEM,225,Etairos_Line_1,1270.1209.100.600.726010.0000.000
28637621,104205,675,2026-05-29,USD,Conversion,STANDARD,,102459,COOK'S PEST CONTROL,2,ITEM,225,Etairos_Line_2,1270.1209.100.600.726010.0000.000
28637621,104205,675,2026-05-29,USD,Conversion,STANDARD,,102459,COOK'S PEST CONTROL,3,ITEM,225,Etairos_Line_3,1270.1209.100.600.726010.0000.000
306964,104206,4568,2026-04-27,USD,Conversion,STANDARD,,102927,BILLY ROGERS PLUMBING & HTG,1,ITEM,4568,Etairos_Line_1,1270.1209.200.000.511000.0000.000
31282,105093,485,2026-04-17,USD,Conversion,STANDARD,,102503,GREEN ELECTRIC MOTOR,1,ITEM,485,Etairos_Line_1,1270.1209.000.000.151120.0000.000
3139381,104207,362.33,2026-05-04,USD,Conversion,STANDARD,CCO-10797,102850,TITUS,1,ITEM,362.33,Etairos_Line_1,1270.1209.100.000.511000.0000.000
3140083,104208,411.65,2026-05-05,USD,Conversion,STANDARD,CCO-10800,102850,TITUS,1,ITEM,411.65,Etairos_Line_1,1270.1209.100.000.511000.0000.000
3141877,104209,7645.53,2026-05-12,USD,Conversion,STANDARD,KMG-01281,102850,TITUS,1,ITEM,7645.53,Etairos_Line_1,1270.1209.100.000.511000.0000.000
3144474,104210,448.69,2026-05-22,USD,Conversion,STANDARD,KMG-01281,102850,TITUS,1,ITEM,448.69,Etairos_Line_1,1270.1209.100.000.511000.0000.000
3144763,104211,56.08,2026-05-25,USD,Conversion,STANDARD,CCO-10803,102850,TITUS,1,ITEM,56.08,Etairos_Line_1,1270.1209.100.000.511000.0000.000
3145405,104212,87,2026-05-27,USD,Conversion,STANDARD,CCO-10805,102850,TITUS,1,ITEM,87,Etairos_Line_1,1270.1209.100.000.511000.0000.000
3145553,104213,167.67,2026-05-28,USD,Conversion,STANDARD,CCO-10805,102850,TITUS,1,ITEM,167.67,Etairos_Line_1,1270.1209.100.000.511000.0000.000
3145836,104214,36.13,2026-05-28,USD,Conversion,STANDARD,CCO-10797,102850,TITUS,1,ITEM,36.13,Etairos_Line_1,1270.1209.100.000.511000.0000.000
3146017,104215,317.68,2026-05-29,USD,Conversion,STANDARD,KMG-01281,102850,TITUS,1,ITEM,317.68,Etairos_Line_1,1270.1209.100.000.511000.0000.000
3146026,104216,55.88,2026-05-29,USD,Conversion,STANDARD,CCO-10803,102850,TITUS,1,ITEM,55.88,Etairos_Line_1,1270.1209.100.000.511000.0000.000
3366897,104217,-103.53,2025-10-30,USD,Conversion,CREDIT,,102661,WOODSON & BOZEMAN INC,1,ITEM,-103.53,Etairos_Line_1,1270.1209.100.000.511000.0000.000
3370,105094,2884.06,2026-05-01,USD,Conversion,STANDARD,,103394,MODERN SERVICES,1,ITEM,2884.06,Etairos_Line_1,1270.1209.000.000.151120.0000.000
3740344118,104218,19549.4,2026-04-07,USD,Conversion,STANDARD,,102431,AT&T,1,ITEM,3909.88,Etairos_Line_1,1270.1209.100.600.728040.0000.000
3740344118,104218,19549.4,2026-04-07,USD,Conversion,STANDARD,,102431,AT&T,2,ITEM,3909.88,Etairos_Line_2,1270.1209.100.600.728040.0000.000
3740344118,104218,19549.4,2026-04-07,USD,Conversion,STANDARD,,102431,AT&T,3,ITEM,3909.88,Etairos_Line_3,1270.1209.100.600.728040.0000.000
3740344118,104218,19549.4,2026-04-07,USD,Conversion,STANDARD,,102431,AT&T,4,ITEM,3909.88,Etairos_Line_4,1270.1209.100.600.728040.0000.000
3740344118,104218,19549.4,2026-04-07,USD,Conversion,STANDARD,,102431,AT&T,5,ITEM,3909.88,Etairos_Line_5,1270.1209.100.600.728040.0000.000
37613,104219,5446.28,2026-05-28,USD,Conversion,STANDARD,RGB-01303,103574,JCI - LARGO ENVIRONMENTAL TECHNOLOGIES,1,ITEM,5446.28,Etairos_Line_1,1270.1209.100.000.511000.0000.000
4010154638,104220,42658.2,2026-04-08,USD,Conversion,STANDARD,EKS-01110,102784,RAYPAK,1,ITEM,42658.2,Etairos_Line_1,1270.1207.100.000.511000.0000.000
4010156755,104221,7794.54,2026-04-17,USD,Conversion,STANDARD,GPB-10382,102784,RAYPAK,1,ITEM,7794.54,Etairos_Line_1,1270.1209.100.000.511000.0000.000
4010158669,104222,10597.08,2026-05-01,USD,Conversion,STANDARD,JCW-01045,102784,RAYPAK,1,ITEM,10597.08,Etairos_Line_1,1270.1209.100.000.511000.0000.000
4010159854,104223,62159.09,2026-05-11,USD,Conversion,STANDARD,JCW-01048,102784,RAYPAK,1,ITEM,62159.09,Etairos_Line_1,1270.1209.100.000.511000.0000.000
40105819,104224,1400,2026-05-27,USD,Conversion,STANDARD,RGB-01318,101571,FELLOWES,1,ITEM,1400,Etairos_Line_1,1270.1209.100.000.511000.0000.000
401178,104225,613.09,2026-05-29,USD,Conversion,STANDARD,RGB-01303,103574,JCI - LARGO ENVIRONMENTAL TECHNOLOGIES,1,ITEM,613.09,Etairos_Line_1,1270.1209.100.000.511000.0000.000
4130795,104226,638.4,2026-04-22,USD,Conversion,STANDARD,,102536,KELE INC,1,ITEM,638.4,Etairos_Line_1,1270.1209.200.600.721040.0000.000
42678,105095,1004.01,2026-05-12,USD,Conversion,STANDARD,,102024,PURE HUMIDIFIER,1,ITEM,1004.01,Etairos_Line_1,1270.1209.000.000.115101.0000.000
42779,105096,573.56,2026-04-30,USD,Conversion,STANDARD,,102978,ESP AGENCY,1,ITEM,573.56,Etairos_Line_1,1270.1207.000.000.115101.0000.000
433732,104227,2439.54,2026-04-15,USD,Conversion,STANDARD,JCW-01047,102764,CLIMATEAM/CLIMATEMASTER,1,ITEM,2439.54,Etairos_Line_1,1270.1209.100.000.511000.0000.000
433804,105097,1553.96,2026-04-15,USD,Conversion,STANDARD,,102764,CLIMATEAM/CLIMATEMASTER,1,ITEM,1553.96,Etairos_Line_1,1270.1209.000.000.115101.0000.000
434125,105098,237.64,2026-04-17,USD,Conversion,STANDARD,,102764,CLIMATEAM/CLIMATEMASTER,1,ITEM,237.64,Etairos_Line_1,1270.1209.000.000.115101.0000.000
434330,105099,84.33,2026-04-20,USD,Conversion,STANDARD,,102764,CLIMATEAM/CLIMATEMASTER,1,ITEM,84.33,Etairos_Line_1,1270.1209.000.000.115101.0000.000
434439,105100,605.97,2026-04-21,USD,Conversion,STANDARD,,102764,CLIMATEAM/CLIMATEMASTER,1,ITEM,605.97,Etairos_Line_1,1270.1209.000.000.115101.0000.000
434689,105101,186.72,2026-04-22,USD,Conversion,STANDARD,,102764,CLIMATEAM/CLIMATEMASTER,1,ITEM,186.72,Etairos_Line_1,1270.1209.000.000.115101.0000.000
434976,105102,1012.33,2026-04-24,USD,Conversion,STANDARD,,102764,CLIMATEAM/CLIMATEMASTER,1,ITEM,1012.33,Etairos_Line_1,1270.1209.000.000.115101.0000.000
435130,105103,126.45,2026-04-27,USD,Conversion,STANDARD,,102764,CLIMATEAM/CLIMATEMASTER,1,ITEM,126.45,Etairos_Line_1,1270.1209.000.000.115101.0000.000
435575,105104,186.72,2026-04-30,USD,Conversion,STANDARD,,102764,CLIMATEAM/CLIMATEMASTER,1,ITEM,186.72,Etairos_Line_1,1270.1209.000.000.115101.0000.000
435818,105105,1501.23,2026-05-01,USD,Conversion,STANDARD,,102764,CLIMATEAM/CLIMATEMASTER,1,ITEM,1501.23,Etairos_Line_1,1270.1209.000.000.115101.0000.000
435829,105106,1099.88,2026-05-01,USD,Conversion,STANDARD,,102764,CLIMATEAM/CLIMATEMASTER,1,ITEM,1099.88,Etairos_Line_1,1270.1209.000.000.115101.0000.000
436169,104228,2919.62,2026-05-06,USD,Conversion,STANDARD,JCW-01053,102764,CLIMATEAM/CLIMATEMASTER,1,ITEM,2919.62,Etairos_Line_1,1270.1209.100.000.511000.0000.000
436171,104229,8746.92,2026-05-06,USD,Conversion,STANDARD,JCW-01050,102764,CLIMATEAM/CLIMATEMASTER,1,ITEM,8746.92,Etairos_Line_1,1270.1209.100.000.511000.0000.000
437194,105107,87.26,2026-05-14,USD,Conversion,STANDARD,,102764,CLIMATEAM/CLIMATEMASTER,1,ITEM,87.26,Etairos_Line_1,1270.1209.000.000.115101.0000.000
437535,104230,2522.16,2026-05-19,USD,Conversion,STANDARD,WJT-01099,102764,CLIMATEAM/CLIMATEMASTER,1,ITEM,2522.16,Etairos_Line_1,1270.1209.100.000.511000.0000.000
437565,105108,91.82,2026-05-19,USD,Conversion,STANDARD,,102764,CLIMATEAM/CLIMATEMASTER,1,ITEM,91.82,Etairos_Line_1,1270.1209.000.000.115101.0000.000
437617,105109,713.54,2026-05-19,USD,Conversion,STANDARD,,102764,CLIMATEAM/CLIMATEMASTER,1,ITEM,713.54,Etairos_Line_1,1270.1209.000.000.115101.0000.000
438144,105110,54.52,2026-05-22,USD,Conversion,STANDARD,,102764,CLIMATEAM/CLIMATEMASTER,1,ITEM,54.52,Etairos_Line_1,1270.1209.000.000.115101.0000.000
442172,104231,12829.48,2026-04-24,USD,Conversion,STANDARD,JTG-01048,102775,MAGIC AIRE,1,ITEM,12829.48,Etairos_Line_1,1270.1209.100.000.511000.0000.000
442340,104232,108.4,2026-05-06,USD,Conversion,STANDARD,GPB-10377,102775,MAGIC AIRE,1,ITEM,108.4,Etairos_Line_1,1270.1209.100.000.511000.0000.000
442353,104233,70438.69,2026-05-07,USD,Conversion,STANDARD,WJT-01103,102775,MAGIC AIRE,1,ITEM,70438.69,Etairos_Line_1,1270.1209.100.000.511000.0000.000
442392,104234,67991.28,2026-05-11,USD,Conversion,STANDARD,WJT-01103,102775,MAGIC AIRE,1,ITEM,67991.28,Etairos_Line_1,1270.1209.100.000.511000.0000.000
442413,104235,86579.56,2026-05-12,USD,Conversion,STANDARD,WJT-01103,102775,MAGIC AIRE,1,ITEM,86579.56,Etairos_Line_1,1270.1209.100.000.511000.0000.000
442426,104236,28949.53,2026-05-13,USD,Conversion,STANDARD,WJT-01103,102775,MAGIC AIRE,1,ITEM,28949.53,Etairos_Line_1,1270.1209.100.000.511000.0000.000
442448,104237,50578.94,2026-05-14,USD,Conversion,STANDARD,WJT-01103,102775,MAGIC AIRE,1,ITEM,50578.94,Etairos_Line_1,1270.1209.100.000.511000.0000.000
442460,104238,3902.94,2026-05-15,USD,Conversion,STANDARD,HSE-01016,102775,MAGIC AIRE,1,ITEM,3902.94,Etairos_Line_1,1270.1209.100.000.511000.0000.000
442476,105111,1400.73,2026-05-15,USD,Conversion,STANDARD,,102775,MAGIC AIRE,1,ITEM,1400.73,Etairos_Line_1,1270.1209.000.000.115101.0000.000
442478,105112,277.25,2026-05-15,USD,Conversion,STANDARD,,102775,MAGIC AIRE,1,ITEM,277.25,Etairos_Line_1,1270.1209.000.000.115101.0000.000
442499,104239,225,2026-05-19,USD,Conversion,STANDARD,RGB-01326,102775,MAGIC AIRE,1,ITEM,225,Etairos_Line_1,1270.1209.100.000.511000.0000.000
442600,104240,40,2026-05-26,USD,Conversion,STANDARD,RGB-01326,102775,MAGIC AIRE,1,ITEM,40,Etairos_Line_1,1270.1209.100.000.511000.0000.000
442666,104241,59121.95,2026-05-30,USD,Conversion,STANDARD,WJT-01103,102775,MAGIC AIRE,1,ITEM,59121.95,Etairos_Line_1,1270.1209.100.000.511000.0000.000
446194,104242,1967.54,2026-04-16,USD,Conversion,STANDARD,SDW-10350,102779,METRAFLEX COMPANY,1,ITEM,1967.54,Etairos_Line_1,1270.1209.100.000.511000.0000.000
447857,104243,10114.69,2025-05-29,USD,Conversion,STANDARD,,102420,AMERICAN ALDES VENTILATION COR,1,ITEM,10114.69,Etairos_Line_1,1270.1207.150.000.511000.0000.000
448113-CM,104244,-11245.5,2025-07-01,USD,Conversion,CREDIT,,102420,AMERICAN ALDES VENTILATION COR,1,ITEM,-11245.5,Etairos_Line_1,1270.1207.150.000.511000.0000.000
45680,104245,256.57,2026-05-11,USD,Conversion,STANDARD,RGB-01334,103255,NDL INDUSTRIES (USA) INC,1,ITEM,256.57,Etairos_Line_1,1270.1209.100.000.511000.0000.000
482920,104246,4490.5,2026-05-28,USD,Conversion,STANDARD,SDW-10341,102668,MARS,1,ITEM,4490.5,Etairos_Line_1,1270.1209.100.000.511000.0000.000
490331,104247,4635.17,2026-03-17,USD,Conversion,STANDARD,WHD-01078,102764,CLIMATEAM/CLIMATEMASTER,1,ITEM,4635.17,Etairos_Line_1,1270.1209.100.000.511000.0000.000
4930941,104248,34531.57,2026-05-13,USD,Conversion,STANDARD,RGB-01309,103202,JOHNSON CONTROLS BUILDING SOLUTIONS LLC,1,ITEM,34531.57,Etairos_Line_1,1270.1209.100.000.511000.0000.000
50526,105113,454,2026-05-07,USD,Conversion,STANDARD,,102884,STRAND EARTHQUAKE CONSULTANTS,1,ITEM,454,Etairos_Line_1,1270.1209.000.000.115101.0000.000
5175202,104249,1224.25,2026-05-30,USD,Conversion,STANDARD,,103262,DELL FINANCIAL SERVICES LLC,1,ITEM,244.85,Etairos_Line_1,1270.1209.100.600.728040.0000.000
5175202,104249,1224.25,2026-05-30,USD,Conversion,STANDARD,,103262,DELL FINANCIAL SERVICES LLC,2,ITEM,244.85,Etairos_Line_2,1270.1209.100.600.728040.0000.000
5175202,104249,1224.25,2026-05-30,USD,Conversion,STANDARD,,103262,DELL FINANCIAL SERVICES LLC,3,ITEM,244.85,Etairos_Line_3,1270.1209.100.600.728040.0000.000
5175202,104249,1224.25,2026-05-30,USD,Conversion,STANDARD,,103262,DELL FINANCIAL SERVICES LLC,4,ITEM,244.85,Etairos_Line_4,1270.1209.100.600.728040.0000.000
5175202,104249,1224.25,2026-05-30,USD,Conversion,STANDARD,,103262,DELL FINANCIAL SERVICES LLC,5,ITEM,244.85,Etairos_Line_5,1270.1209.100.600.728040.0000.000
52086,105114,1270.47,2026-04-15,USD,Conversion,STANDARD,,102783,RAYMON HVAC,1,ITEM,1270.47,Etairos_Line_1,1270.1209.000.000.115101.0000.000
5613823,104250,16747.43,2026-04-01,USD,Conversion,STANDARD,SDW-10283,102814,TACO COMFORT SOLUTIONS,1,ITEM,16747.43,Etairos_Line_1,1270.1209.100.000.511000.0000.000
5616471,104251,1509.19,2026-04-16,USD,Conversion,STANDARD,SDW-10283,102814,TACO COMFORT SOLUTIONS,1,ITEM,1509.19,Etairos_Line_1,1270.1209.100.000.511000.0000.000
5616938,104252,1509.2,2026-04-20,USD,Conversion,STANDARD,SDW-10283,102814,TACO COMFORT SOLUTIONS,1,ITEM,1509.2,Etairos_Line_1,1270.1209.100.000.511000.0000.000
5618053,104253,203,2026-04-27,USD,Conversion,STANDARD,WJT-01097,102814,TACO COMFORT SOLUTIONS,1,ITEM,203,Etairos_Line_1,1270.1209.100.000.511000.0000.000
5618572,104254,1233.82,2026-04-29,USD,Conversion,STANDARD,WJT-01095,102814,TACO COMFORT SOLUTIONS,1,ITEM,1233.82,Etairos_Line_1,1270.1209.100.000.511000.0000.000
5618573,105115,400.31,2026-04-29,USD,Conversion,STANDARD,,102814,TACO COMFORT SOLUTIONS,1,ITEM,400.31,Etairos_Line_1,1270.1209.000.000.115101.0000.000
5619030,104255,6217.32,2026-05-02,USD,Conversion,STANDARD,WJT-01101,102814,TACO COMFORT SOLUTIONS,1,ITEM,6217.32,Etairos_Line_1,1270.1209.100.000.511000.0000.000
5619031,105116,4999.7,2026-05-12,USD,Conversion,STANDARD,,102814,TACO COMFORT SOLUTIONS,1,ITEM,4999.7,Etairos_Line_1,1270.1207.000.000.115101.0000.000
5620344,104256,42421.01,2026-05-11,USD,Conversion,STANDARD,SDW-10346,102814,TACO COMFORT SOLUTIONS,1,ITEM,42421.01,Etairos_Line_1,1270.1209.100.000.511000.0000.000
5621573,104257,18076.23,2026-05-18,USD,Conversion,STANDARD,WJT-01101,102814,TACO COMFORT SOLUTIONS,1,ITEM,18076.23,Etairos_Line_1,1270.1209.100.000.511000.0000.000
5622228,104258,2544.09,2026-05-21,USD,Conversion,STANDARD,WJT-01105,102814,TACO COMFORT SOLUTIONS,1,ITEM,2544.09,Etairos_Line_1,1270.1209.100.000.511000.0000.000
562227,104259,2311.25,2026-05-21,USD,Conversion,STANDARD,WJT-01095,102814,TACO COMFORT SOLUTIONS,1,ITEM,2311.25,Etairos_Line_1,1270.1209.100.000.511000.0000.000
5622409,104260,2311.25,2026-05-22,USD,Conversion,STANDARD,WJT-01095,102814,TACO COMFORT SOLUTIONS,1,ITEM,2311.25,Etairos_Line_1,1270.1209.100.000.511000.0000.000
5622623,104261,3357.45,2026-05-25,USD,Conversion,STANDARD,WJT-01095,102814,TACO COMFORT SOLUTIONS,1,ITEM,3357.45,Etairos_Line_1,1270.1209.100.000.511000.0000.000
5622774,104262,9065.84,2026-05-26,USD,Conversion,STANDARD,WJT-01095,102814,TACO COMFORT SOLUTIONS,1,ITEM,9065.84,Etairos_Line_1,1270.1209.100.000.511000.0000.000
5622865,104263,6515.88,2026-05-27,USD,Conversion,STANDARD,WJT-01095,102814,TACO COMFORT SOLUTIONS,1,ITEM,6515.88,Etairos_Line_1,1270.1209.100.000.511000.0000.000
5623363,104264,588.88,2026-05-29,USD,Conversion,STANDARD,HSE-01018,102814,TACO COMFORT SOLUTIONS,1,ITEM,588.88,Etairos_Line_1,1270.1209.100.000.511000.0000.000
574340,104265,7129,2026-05-29,USD,Conversion,STANDARD,GRG-10448,103207,CDI (CRYSTAL DISTRIBUTION INC,1,ITEM,7129,Etairos_Line_1,1270.1209.100.000.511000.0000.000
6495,104266,1800,2026-04-21,USD,Conversion,STANDARD,,102641,TST MECHANICAL SERVICES LLC,1,ITEM,1800,Etairos_Line_1,1270.1209.100.000.520200.0000.000
6496,104267,2417.8,2026-04-21,USD,Conversion,STANDARD,,102641,TST MECHANICAL SERVICES LLC,1,ITEM,2417.8,Etairos_Line_1,1270.1209.100.000.520200.0000.000
6497,104268,2810,2026-04-22,USD,Conversion,STANDARD,JCW-01029,102641,TST MECHANICAL SERVICES LLC,1,ITEM,2810,Etairos_Line_1,1270.1209.100.000.511000.0000.000
676717,105117,1201.45,2026-05-06,USD,Conversion,STANDARD,,102923,KOCH FILTER,1,ITEM,1201.45,Etairos_Line_1,1270.1209.000.000.115101.0000.000
680495,105118,1524.96,2026-05-18,USD,Conversion,STANDARD,,102923,KOCH FILTER,1,ITEM,1524.96,Etairos_Line_1,1270.1209.000.000.115101.0000.000
68714,104269,27.04,2026-04-15,USD,Conversion,STANDARD,,102414,AIR FILTER SALES AND SERVICE,1,ITEM,27.04,Etairos_Line_1,1270.1207.200.000.511000.0000.000
68719,104270,102.24,2026-04-15,USD,Conversion,STANDARD,,102414,AIR FILTER SALES AND SERVICE,1,ITEM,102.24,Etairos_Line_1,1270.1207.200.000.511000.0000.000
68782,104271,204.48,2026-04-20,USD,Conversion,STANDARD,JSJ-01262,102414,AIR FILTER SALES AND SERVICE,1,ITEM,204.48,Etairos_Line_1,1270.1207.100.000.511000.0000.000
68786,104272,48.46,2026-04-20,USD,Conversion,STANDARD,,102414,AIR FILTER SALES AND SERVICE,1,ITEM,48.46,Etairos_Line_1,1270.1207.200.000.511000.0000.000
68787,104273,156.12,2026-04-20,USD,Conversion,STANDARD,,102414,AIR FILTER SALES AND SERVICE,1,ITEM,156.12,Etairos_Line_1,1270.1207.200.000.511000.0000.000
68828,104274,363.12,2026-04-22,USD,Conversion,STANDARD,,102414,AIR FILTER SALES AND SERVICE,1,ITEM,363.12,Etairos_Line_1,1270.1207.200.000.511000.0000.000
68881,104275,553.44,2026-04-24,USD,Conversion,STANDARD,,102414,AIR FILTER SALES AND SERVICE,1,ITEM,553.44,Etairos_Line_1,1270.1207.200.000.511000.0000.000
68927,104276,97.56,2026-04-27,USD,Conversion,STANDARD,,102414,AIR FILTER SALES AND SERVICE,1,ITEM,97.56,Etairos_Line_1,1270.1207.200.000.511000.0000.000
68994,104277,104.32,2026-04-29,USD,Conversion,STANDARD,,102414,AIR FILTER SALES AND SERVICE,1,ITEM,104.32,Etairos_Line_1,1270.1207.200.000.511000.0000.000
69138,104278,45.44,2026-05-06,USD,Conversion,STANDARD,,102414,AIR FILTER SALES AND SERVICE,1,ITEM,45.44,Etairos_Line_1,1270.1207.200.000.511000.0000.000
69387,104279,103.8,2026-05-20,USD,Conversion,STANDARD,,102414,AIR FILTER SALES AND SERVICE,1,ITEM,103.8,Etairos_Line_1,1270.1207.200.000.511000.0000.000
69410,104280,435.93,2026-05-21,USD,Conversion,STANDARD,,102414,AIR FILTER SALES AND SERVICE,1,ITEM,435.93,Etairos_Line_1,1270.1207.200.000.511000.0000.000
69459,104281,97.92,2026-05-26,USD,Conversion,STANDARD,,102414,AIR FILTER SALES AND SERVICE,1,ITEM,97.92,Etairos_Line_1,1270.1207.200.000.511000.0000.000
6987,104282,3450,2026-04-24,USD,Conversion,STANDARD,,103589,HILO COMMERCIAL SERVICES LLC,1,ITEM,1150,Etairos_Line_1,1270.1209.100.600.726020.0000.000
6987,104282,3450,2026-04-24,USD,Conversion,STANDARD,,103589,HILO COMMERCIAL SERVICES LLC,2,ITEM,1150,Etairos_Line_2,1270.1209.100.600.726020.0000.000
6987,104282,3450,2026-04-24,USD,Conversion,STANDARD,,103589,HILO COMMERCIAL SERVICES LLC,3,ITEM,1150,Etairos_Line_3,1270.1209.100.600.726020.0000.000
7093,104283,8400,2026-05-05,USD,Conversion,STANDARD,,103272,GREEN SITE,1,ITEM,4200,Etairos_Line_1,1270.1209.100.600.726010.0000.000
7093,104283,8400,2026-05-05,USD,Conversion,STANDARD,,103272,GREEN SITE,2,ITEM,4200,Etairos_Line_2,1270.1209.100.600.726010.0000.000
7094,104284,1425,2026-05-05,USD,Conversion,STANDARD,,103272,GREEN SITE,1,ITEM,475,Etairos_Line_1,1270.1209.100.600.726010.0000.000
7094,104284,1425,2026-05-05,USD,Conversion,STANDARD,,103272,GREEN SITE,2,ITEM,475,Etairos_Line_2,1270.1209.100.600.726010.0000.000
7094,104284,1425,2026-05-05,USD,Conversion,STANDARD,,103272,GREEN SITE,3,ITEM,475,Etairos_Line_3,1270.1209.100.600.726010.0000.000
7118,104285,2650,2026-04-17,USD,Conversion,STANDARD,SDW-10371,102401,A&P SHEETMETAL INC,1,ITEM,2650,Etairos_Line_1,1270.1209.100.000.511000.0000.000
711965,104286,1500,2026-05-12,USD,Conversion,STANDARD,RGB-01280,102553,MASON INDUSTRIES INC,1,ITEM,1500,Etairos_Line_1,1270.1209.100.000.511000.0000.000
712291,104287,554.43,2026-05-18,USD,Conversion,STANDARD,WHD-01087,102553,MASON INDUSTRIES INC,1,ITEM,554.43,Etairos_Line_1,1270.1209.100.000.511000.0000.000
712703,104288,1007.85,2026-05-27,USD,Conversion,STANDARD,KMG-01278,102553,MASON INDUSTRIES INC,1,ITEM,1007.85,Etairos_Line_1,1270.1209.100.000.511000.0000.000
7150,104289,1710,2026-05-13,USD,Conversion,STANDARD,KMG-01275,102401,A&P SHEETMETAL INC,1,ITEM,1710,Etairos_Line_1,1270.1209.100.000.511000.0000.000
74022,104290,-256.83,2026-01-20,USD,Conversion,CREDIT,,102666,CAMBRIDGE ENGINEERING INC,1,ITEM,-256.83,Etairos_Line_1,1270.1209.100.000.511000.0000.000
7548,104291,1540.02,2026-05-15,USD,Conversion,STANDARD,GRG-10397,100287,MECHANICAL PRODUCTS SOUTHWEST,1,ITEM,1540.02,Etairos_Line_1,1270.1209.100.000.511000.0000.000
76532,105119,1640.18,2026-04-15,USD,Conversion,STANDARD,,102666,CAMBRIDGE ENGINEERING INC,1,ITEM,1640.18,Etairos_Line_1,1270.1209.000.000.115101.0000.000
76564,105120,871.01,2026-04-17,USD,Conversion,STANDARD,,102760,CAMBRIDGE AIR SOLUTIONS,1,ITEM,871.01,Etairos_Line_1,1270.1209.000.000.115101.0000.000
76586,104292,13935.67,2026-04-22,USD,Conversion,STANDARD,JCW-01056,102760,CAMBRIDGE AIR SOLUTIONS,1,ITEM,13935.67,Etairos_Line_1,1270.1209.100.000.511000.0000.000
76587,104293,13935.67,2026-04-22,USD,Conversion,STANDARD,JCW-01056,102760,CAMBRIDGE AIR SOLUTIONS,1,ITEM,13935.67,Etairos_Line_1,1270.1209.100.000.511000.0000.000
76695,105121,1642.32,2026-04-28,USD,Conversion,STANDARD,,102760,CAMBRIDGE AIR SOLUTIONS,1,ITEM,1642.32,Etairos_Line_1,1270.1209.000.000.115101.0000.000
76859,104294,36226.96,2026-05-19,USD,Conversion,STANDARD,JCW-01057,102760,CAMBRIDGE AIR SOLUTIONS,1,ITEM,36226.96,Etairos_Line_1,1270.1209.100.000.511000.0000.000
76927,104295,50647.53,2026-05-29,USD,Conversion,STANDARD,WJT-01104,102760,CAMBRIDGE AIR SOLUTIONS,1,ITEM,50647.53,Etairos_Line_1,1270.1209.100.000.511000.0000.000
7850372,104296,495.12,2026-05-06,USD,Conversion,STANDARD,RGB-01154,102437,BARD MANUFACTURING CO INC,1,ITEM,495.12,Etairos_Line_1,1270.1207.100.000.511000.0000.000
7850373,104297,110.26,2026-05-06,USD,Conversion,STANDARD,RGB-01286,102437,BARD MANUFACTURING CO INC,1,ITEM,110.26,Etairos_Line_1,1270.1209.100.000.511000.0000.000
7851050,104298,89.51,2026-05-12,USD,Conversion,STANDARD,RGB-01286,102437,BARD MANUFACTURING CO INC,1,ITEM,89.51,Etairos_Line_1,1270.1209.100.000.511000.0000.000
7851164,104299,7499.3,2026-05-12,USD,Conversion,STANDARD,RGB-01322,102437,BARD MANUFACTURING CO INC,1,ITEM,7499.3,Etairos_Line_1,1270.1209.100.000.511000.0000.000
7851455,104300,8928.27,2026-05-13,USD,Conversion,STANDARD,JPH-10190,102437,BARD MANUFACTURING CO INC,1,ITEM,8928.27,Etairos_Line_1,1270.1207.100.000.511000.0000.000
7851545,104301,-61.63,2026-05-15,USD,Conversion,CREDIT,RGB-01286,102437,BARD MANUFACTURING CO INC,1,ITEM,-61.63,Etairos_Line_1,1270.1209.100.000.511000.0000.000
7852901,104302,176.43,2026-05-27,USD,Conversion,STANDARD,GPB-10237,102437,BARD MANUFACTURING CO INC,1,ITEM,176.43,Etairos_Line_1,1270.1209.100.000.511000.0000.000
81588763,105122,317.07,2026-04-28,USD,Conversion,STANDARD,,102770,J M O'CONNOR INC,1,ITEM,317.07,Etairos_Line_1,1270.1209.000.000.115101.0000.000
81588786,105123,72.5,2026-04-29,USD,Conversion,STANDARD,,102770,J M O'CONNOR INC,1,ITEM,72.5,Etairos_Line_1,1270.1209.000.000.115101.0000.000
81588899,105124,806.2,2026-04-30,USD,Conversion,STANDARD,,102770,J M O'CONNOR INC,1,ITEM,806.2,Etairos_Line_1,1270.1209.000.000.115101.0000.000
81588954,105125,797.6,2026-05-01,USD,Conversion,STANDARD,,102770,J M O'CONNOR INC,1,ITEM,797.6,Etairos_Line_1,1270.1209.000.000.115101.0000.000
81588976,105126,159.8,2026-05-01,USD,Conversion,STANDARD,,102770,J M O'CONNOR INC,1,ITEM,159.8,Etairos_Line_1,1270.1209.000.000.115101.0000.000
81589043,105127,1490,2026-05-04,USD,Conversion,STANDARD,,102770,J M O'CONNOR INC,1,ITEM,1490,Etairos_Line_1,1270.1209.000.000.115101.0000.000
81589226,105128,226.3,2026-05-07,USD,Conversion,STANDARD,,102770,J M O'CONNOR INC,1,ITEM,226.3,Etairos_Line_1,1270.1209.000.000.115101.0000.000
81589276,105129,685.22,2026-05-08,USD,Conversion,STANDARD,,102770,J M O'CONNOR INC,1,ITEM,685.22,Etairos_Line_1,1270.1209.000.000.115101.0000.000
81589279,105130,114.77,2026-05-08,USD,Conversion,STANDARD,,102770,J M O'CONNOR INC,1,ITEM,114.77,Etairos_Line_1,1270.1209.000.000.115101.0000.000
81589401,105131,5325.81,2026-05-12,USD,Conversion,STANDARD,,102770,J M O'CONNOR INC,1,ITEM,5325.81,Etairos_Line_1,1270.1209.000.000.115101.0000.000
81589474,105132,395.21,2026-05-12,USD,Conversion,STANDARD,,102770,J M O'CONNOR INC,1,ITEM,395.21,Etairos_Line_1,1270.1209.000.000.115101.0000.000
81589488,105133,197.39,2026-05-12,USD,Conversion,STANDARD,,102770,J M O'CONNOR INC,1,ITEM,197.39,Etairos_Line_1,1270.1209.000.000.115101.0000.000
81589686,104303,32.26,2026-05-18,USD,Conversion,STANDARD,,102770,J M O'CONNOR INC,1,ITEM,32.26,Etairos_Line_1,1270.1209.100.000.511000.0000.000
81589718,105134,63.05,2026-05-18,USD,Conversion,STANDARD,,102770,J M O'CONNOR INC,1,ITEM,63.05,Etairos_Line_1,1270.1209.000.000.115101.0000.000
81589845,105135,2188.69,2026-05-20,USD,Conversion,STANDARD,,102770,J M O'CONNOR INC,1,ITEM,2188.69,Etairos_Line_1,1270.1207.000.000.115101.0000.000
81589942,105136,229.87,2026-05-21,USD,Conversion,STANDARD,,102770,J M O'CONNOR INC,1,ITEM,229.87,Etairos_Line_1,1270.1207.000.000.115101.0000.000
831653001,104304,198.69,2026-05-11,USD,Conversion,STANDARD,,100617,JOHNSTONE SUPPLY,1,ITEM,198.69,Etairos_Line_1,1270.1209.200.000.511000.0000.000
84314,104305,2750,2026-04-27,USD,Conversion,STANDARD,EKS-01098,102972,GRAHAM AC SERVICE,1,ITEM,2750,Etairos_Line_1,1270.1207.100.000.511000.0000.000
84315,104306,3950,2026-04-30,USD,Conversion,STANDARD,EKS-01098,102972,GRAHAM AC SERVICE,1,ITEM,3950,Etairos_Line_1,1270.1207.100.000.511000.0000.000
84319,104307,1550,2026-05-05,USD,Conversion,STANDARD,EKS-01098,102972,GRAHAM AC SERVICE,1,ITEM,1550,Etairos_Line_1,1270.1207.100.000.511000.0000.000
84325,104308,1625,2026-05-19,USD,Conversion,STANDARD,EKS-01098,102972,GRAHAM AC SERVICE,1,ITEM,1625,Etairos_Line_1,1270.1207.100.000.511000.0000.000
84329,104309,1795,2026-05-27,USD,Conversion,STANDARD,EKS-01098,102972,GRAHAM AC SERVICE,1,ITEM,1795,Etairos_Line_1,1270.1207.100.000.511000.0000.000
8444865113,104310,19549.4,2026-05-07,USD,Conversion,STANDARD,,102431,AT&T,1,ITEM,3909.88,Etairos_Line_1,1270.1209.100.600.728040.0000.000
8444865113,104310,19549.4,2026-05-07,USD,Conversion,STANDARD,,102431,AT&T,2,ITEM,3909.88,Etairos_Line_2,1270.1209.100.600.728040.0000.000
8444865113,104310,19549.4,2026-05-07,USD,Conversion,STANDARD,,102431,AT&T,3,ITEM,3909.88,Etairos_Line_3,1270.1209.100.600.728040.0000.000
8444865113,104310,19549.4,2026-05-07,USD,Conversion,STANDARD,,102431,AT&T,4,ITEM,3909.88,Etairos_Line_4,1270.1209.100.600.728040.0000.000
8444865113,104310,19549.4,2026-05-07,USD,Conversion,STANDARD,,102431,AT&T,5,ITEM,3909.88,Etairos_Line_5,1270.1209.100.600.728040.0000.000
8787773001,104311,64.36,2026-04-20,USD,Conversion,STANDARD,,103295,ED'S SUPPLY COMPANY LLC,1,ITEM,64.36,Etairos_Line_1,1270.1209.200.000.511000.0000.000
8901003001,104312,23.94,2026-05-15,USD,Conversion,STANDARD,,103295,ED'S SUPPLY COMPANY LLC,1,ITEM,23.94,Etairos_Line_1,1270.1209.200.000.511000.0000.000
8914881001,104313,129.07,2026-05-19,USD,Conversion,STANDARD,,103295,ED'S SUPPLY COMPANY LLC,1,ITEM,129.07,Etairos_Line_1,1270.1209.200.000.511000.0000.000
8935504001,104314,32.18,2026-05-22,USD,Conversion,STANDARD,,103295,ED'S SUPPLY COMPANY LLC,1,ITEM,32.18,Etairos_Line_1,1270.1209.200.000.511000.0000.000
8941200001,104315,124.6,2026-05-26,USD,Conversion,STANDARD,,103295,ED'S SUPPLY COMPANY LLC,1,ITEM,124.6,Etairos_Line_1,1270.1209.200.000.511000.0000.000
8945622001,104316,32.18,2026-05-27,USD,Conversion,STANDARD,,103295,ED'S SUPPLY COMPANY LLC,1,ITEM,32.18,Etairos_Line_1,1270.1209.200.000.511000.0000.000
8951047001,104317,517.44,2026-05-27,USD,Conversion,STANDARD,,103295,ED'S SUPPLY COMPANY LLC,1,ITEM,517.44,Etairos_Line_1,1270.1209.200.000.511000.0000.000
90064350,104318,1043152.58,2026-04-03,USD,Conversion,STANDARD,SDW-10354,102435,BALTIMORE AIRCOIL CO,1,ITEM,1043152.58,Etairos_Line_1,1270.1209.100.000.511000.0000.000
90065332,105137,995.64,2026-04-17,USD,Conversion,STANDARD,,102435,BALTIMORE AIRCOIL CO,1,ITEM,995.64,Etairos_Line_1,1270.1207.000.000.115101.0000.000
90065486,105138,17437.56,2026-04-21,USD,Conversion,STANDARD,,102435,BALTIMORE AIRCOIL CO,1,ITEM,17437.56,Etairos_Line_1,1270.1207.000.000.115101.0000.000
90065495,105139,828.28,2026-04-21,USD,Conversion,STANDARD,,102435,BALTIMORE AIRCOIL CO,1,ITEM,828.28,Etairos_Line_1,1270.1207.000.000.115101.0000.000
90065622,105140,466.58,2026-04-22,USD,Conversion,STANDARD,,102435,BALTIMORE AIRCOIL CO,1,ITEM,466.58,Etairos_Line_1,1270.1209.000.000.115101.0000.000
90065823,105141,1615.04,2026-04-24,USD,Conversion,STANDARD,,102435,BALTIMORE AIRCOIL CO,1,ITEM,1615.04,Etairos_Line_1,1270.1209.000.000.115101.0000.000
90066083,105142,1192.32,2026-04-28,USD,Conversion,STANDARD,,102435,BALTIMORE AIRCOIL CO,1,ITEM,1192.32,Etairos_Line_1,1270.1207.000.000.115101.0000.000
90066178,104319,34111.6,2026-04-29,USD,Conversion,STANDARD,WJT-01094,102435,BALTIMORE AIRCOIL CO,1,ITEM,34111.6,Etairos_Line_1,1270.1209.100.000.511000.0000.000
90066378,104320,52589.85,2026-05-01,USD,Conversion,STANDARD,EKS-01108,102435,BALTIMORE AIRCOIL CO,1,ITEM,52589.85,Etairos_Line_1,1270.1209.100.000.511000.0000.000
90066458,104321,556178.56,2026-05-01,USD,Conversion,STANDARD,KMG-01267,102435,BALTIMORE AIRCOIL CO,1,ITEM,556178.56,Etairos_Line_1,1270.1209.100.000.511000.0000.000
90066519,105143,1701.35,2026-05-04,USD,Conversion,STANDARD,,102435,BALTIMORE AIRCOIL CO,1,ITEM,1701.35,Etairos_Line_1,1270.1207.000.000.115101.0000.000
90066583,105144,2399.57,2026-05-05,USD,Conversion,STANDARD,,102435,BALTIMORE AIRCOIL CO,1,ITEM,2399.57,Etairos_Line_1,1270.1207.000.000.115101.0000.000
90066881,105145,271.83,2026-05-08,USD,Conversion,STANDARD,,102435,BALTIMORE AIRCOIL CO,1,ITEM,271.83,Etairos_Line_1,1270.1207.000.000.115101.0000.000
90067396,105146,53847.1,2026-05-15,USD,Conversion,STANDARD,,102435,BALTIMORE AIRCOIL CO,1,ITEM,53847.1,Etairos_Line_1,1270.1207.000.000.115101.0000.000
90067661,105147,1183.37,2026-05-20,USD,Conversion,STANDARD,,102435,BALTIMORE AIRCOIL CO,1,ITEM,1183.37,Etairos_Line_1,1270.1209.000.000.115101.0000.000
90067730,105148,1178.61,2026-05-21,USD,Conversion,STANDARD,,102435,BALTIMORE AIRCOIL CO,1,ITEM,1178.61,Etairos_Line_1,1270.1209.000.000.115101.0000.000
90067749,105149,880.25,2026-05-21,USD,Conversion,STANDARD,,102435,BALTIMORE AIRCOIL CO,1,ITEM,880.25,Etairos_Line_1,1270.1209.000.000.115101.0000.000
90068112,104322,90080.85,2026-05-27,USD,Conversion,STANDARD,RGB-01324,102435,BALTIMORE AIRCOIL CO,1,ITEM,90080.85,Etairos_Line_1,1270.1209.100.000.511000.0000.000
91199666,104324,2044.06,2026-05-14,USD,Conversion,STANDARD,CCO-10304,102361,Markel/TPI,1,ITEM,2044.06,Etairos_Line_1,1270.1209.100.000.511000.0000.000
91200456,104325,628.78,2026-05-21,USD,Conversion,STANDARD,KMG-01265,102361,Markel/TPI,1,ITEM,628.78,Etairos_Line_1,1270.1209.100.000.511000.0000.000
931403494,104326,70.96,2026-05-27,USD,Conversion,STANDARD,,100750,FEDEX,1,ITEM,70.96,Etairos_Line_1,1270.1207.150.000.511000.0000.000
931498496,104327,1033.57,2026-05-27,USD,Conversion,STANDARD,,100750,FEDEX,1,ITEM,1033.57,Etairos_Line_1,1270.1209.100.000.511000.0000.000
95768069,105150,848.38,2026-04-21,USD,Conversion,STANDARD,,101628,GREENHECK FAN CORPORATION,1,ITEM,848.38,Etairos_Line_1,1270.1209.000.000.115101.0000.000
95769092,105151,218.87,2026-04-22,USD,Conversion,STANDARD,,101628,GREENHECK FAN CORPORATION,1,ITEM,218.87,Etairos_Line_1,1270.1209.000.000.115101.0000.000
95778372,105152,121.23,2026-04-30,USD,Conversion,STANDARD,,101628,GREENHECK FAN CORPORATION,1,ITEM,121.23,Etairos_Line_1,1270.1209.000.000.115101.0000.000
95789730,105153,358.89,2026-05-12,USD,Conversion,STANDARD,,101628,GREENHECK FAN CORPORATION,1,ITEM,358.89,Etairos_Line_1,1270.1209.000.000.115101.0000.000
95799360,105154,152.74,2026-05-21,USD,Conversion,STANDARD,,101628,GREENHECK FAN CORPORATION,1,ITEM,152.74,Etairos_Line_1,1270.1209.000.000.115101.0000.000
95799492,105155,176.97,2026-05-21,USD,Conversion,STANDARD,,101628,GREENHECK FAN CORPORATION,1,ITEM,176.97,Etairos_Line_1,1270.1209.000.000.115101.0000.000
95799493,105156,317.89,2026-05-21,USD,Conversion,STANDARD,,101628,GREENHECK FAN CORPORATION,1,ITEM,317.89,Etairos_Line_1,1270.1209.000.000.115101.0000.000
970331,104328,-3003.28,2026-04-29,USD,Conversion,CREDIT,,102764,CLIMATEAM/CLIMATEMASTER,1,ITEM,-3003.28,Etairos_Line_1,1270.1209.100.000.511000.0000.000
9714005,105157,621.26,2026-05-04,USD,Conversion,STANDARD,,103291,NEUCO INC,1,ITEM,621.26,Etairos_Line_1,1270.1209.000.000.115101.0000.000
9735824,105158,233.42,2026-05-14,USD,Conversion,STANDARD,,103291,NEUCO INC,1,ITEM,233.42,Etairos_Line_1,1270.1209.000.000.115101.0000.000
9752354,105159,168.18,2026-05-21,USD,Conversion,STANDARD,,103291,NEUCO INC,1,ITEM,168.18,Etairos_Line_1,1270.1207.000.000.115101.0000.000
9872099,105160,5066.71,2026-05-22,USD,Conversion,STANDARD,,101628,GREENHECK FAN CORPORATION,1,ITEM,5066.71,Etairos_Line_1,1270.1209.000.000.115101.0000.000
988051,104329,249.54,2026-05-11,USD,Conversion,STANDARD,CCO-10781,102823,PCI INDUSTRIES POTTORFF,1,ITEM,249.54,Etairos_Line_1,1270.1209.100.000.511000.0000.000
AC16920733,104330,-137.34,2026-04-14,USD,Conversion,CREDIT,,102544,LG ELECTRONICS OF ALABAMA INC,1,ITEM,-137.34,Etairos_Line_1,1270.1207.150.000.511000.0000.000
AC16920734,104331,-13.54,2026-04-14,USD,Conversion,CREDIT,,102544,LG ELECTRONICS OF ALABAMA INC,1,ITEM,-13.54,Etairos_Line_1,1270.1207.150.000.511000.0000.000
AC16958463,104332,-1803.7,2026-05-12,USD,Conversion,CREDIT,,102544,LG ELECTRONICS OF ALABAMA INC,1,ITEM,-1803.7,Etairos_Line_1,1270.1207.150.000.511000.0000.000
AC16958465,104333,-194.45,2026-05-12,USD,Conversion,CREDIT,,102544,LG ELECTRONICS OF ALABAMA INC,1,ITEM,-194.45,Etairos_Line_1,1270.1207.150.000.511000.0000.000
AC16958466,104334,-1570.62,2026-05-12,USD,Conversion,CREDIT,,102544,LG ELECTRONICS OF ALABAMA INC,1,ITEM,-1570.62,Etairos_Line_1,1270.1207.150.000.511000.0000.000
AC16958467,104335,-1803.7,2026-05-12,USD,Conversion,CREDIT,,102544,LG ELECTRONICS OF ALABAMA INC,1,ITEM,-1803.7,Etairos_Line_1,1270.1207.150.000.511000.0000.000
AI56562275,105161,8,2026-04-22,USD,Conversion,STANDARD,,102544,LG ELECTRONICS OF ALABAMA INC,1,ITEM,8,Etairos_Line_1,1270.1207.000.000.115101.0000.000
AI56568575,104336,210.12,2026-04-24,USD,Conversion,STANDARD,,102544,LG ELECTRONICS OF ALABAMA INC,1,ITEM,210.12,Etairos_Line_1,1270.1209.100.000.511000.0000.000
AI56572384,105162,1065.76,2026-04-27,USD,Conversion,STANDARD,,102544,LG ELECTRONICS OF ALABAMA INC,1,ITEM,1065.76,Etairos_Line_1,1270.1209.000.000.151120.0000.000
AI56578932,105163,327.25,2026-04-29,USD,Conversion,STANDARD,,102544,LG ELECTRONICS OF ALABAMA INC,1,ITEM,327.25,Etairos_Line_1,1270.1209.000.000.115101.0000.000
AI56579195,105164,163.72,2026-04-29,USD,Conversion,STANDARD,,102544,LG ELECTRONICS OF ALABAMA INC,1,ITEM,163.72,Etairos_Line_1,1270.1209.000.000.115101.0000.000
AI56579278,105165,232.44,2026-04-29,USD,Conversion,STANDARD,,102544,LG ELECTRONICS OF ALABAMA INC,1,ITEM,232.44,Etairos_Line_1,1270.1209.000.000.115101.0000.000
AI56581762,105166,327.25,2026-04-30,USD,Conversion,STANDARD,,102544,LG ELECTRONICS OF ALABAMA INC,1,ITEM,327.25,Etairos_Line_1,1270.1209.000.000.115101.0000.000
AI56584703,105167,151.87,2026-05-01,USD,Conversion,STANDARD,,102544,LG ELECTRONICS OF ALABAMA INC,1,ITEM,151.87,Etairos_Line_1,1270.1207.000.000.115101.0000.000
AI56584846,105168,1570.62,2026-05-01,USD,Conversion,STANDARD,,102544,LG ELECTRONICS OF ALABAMA INC,1,ITEM,1570.62,Etairos_Line_1,1270.1207.000.000.115101.0000.000
AI56584847,105169,1803.7,2026-05-01,USD,Conversion,STANDARD,,102544,LG ELECTRONICS OF ALABAMA INC,1,ITEM,1803.7,Etairos_Line_1,1270.1207.000.000.115101.0000.000
AI56590526,105170,570.25,2026-05-04,USD,Conversion,STANDARD,,102544,LG ELECTRONICS OF ALABAMA INC,1,ITEM,570.25,Etairos_Line_1,1270.1209.000.000.115101.0000.000
AI56600650,105171,493.55,2026-05-07,USD,Conversion,STANDARD,,102544,LG ELECTRONICS OF ALABAMA INC,1,ITEM,493.55,Etairos_Line_1,1270.1209.000.000.115101.0000.000
AI56600750,105172,137.34,2026-05-07,USD,Conversion,STANDARD,,102544,LG ELECTRONICS OF ALABAMA INC,1,ITEM,137.34,Etairos_Line_1,1270.1209.000.000.115101.0000.000
AI56609101,105173,98.95,2026-05-11,USD,Conversion,STANDARD,,102544,LG ELECTRONICS OF ALABAMA INC,1,ITEM,98.95,Etairos_Line_1,1270.1209.000.000.115101.0000.000
AI56611574,105174,93.84,2026-05-12,USD,Conversion,STANDARD,,102544,LG ELECTRONICS OF ALABAMA INC,1,ITEM,93.84,Etairos_Line_1,1270.1207.000.000.115101.0000.000
AI56615674,105175,532.88,2026-05-13,USD,Conversion,STANDARD,,102544,LG ELECTRONICS OF ALABAMA INC,1,ITEM,532.88,Etairos_Line_1,1270.1209.000.000.115101.0000.000
AI56615675,105176,125.92,2026-05-13,USD,Conversion,STANDARD,,102544,LG ELECTRONICS OF ALABAMA INC,1,ITEM,125.92,Etairos_Line_1,1270.1209.000.000.115101.0000.000
AI56615676,105177,466.48,2026-05-13,USD,Conversion,STANDARD,,102544,LG ELECTRONICS OF ALABAMA INC,1,ITEM,466.48,Etairos_Line_1,1270.1209.000.000.115101.0000.000
AI56624734,105178,1160.56,2026-05-18,USD,Conversion,STANDARD,,102544,LG ELECTRONICS OF ALABAMA INC,1,ITEM,1160.56,Etairos_Line_1,1270.1209.000.000.115101.0000.000
AI56632428,105179,7.95,2026-05-20,USD,Conversion,STANDARD,,102544,LG ELECTRONICS OF ALABAMA INC,1,ITEM,7.95,Etairos_Line_1,1270.1209.000.000.115101.0000.000
AI56634689,105180,493.55,2026-05-21,USD,Conversion,STANDARD,,102544,LG ELECTRONICS OF ALABAMA INC,1,ITEM,493.55,Etairos_Line_1,1270.1207.000.000.115101.0000.000
AI56635440,105181,175.37,2026-05-21,USD,Conversion,STANDARD,,102544,LG ELECTRONICS OF ALABAMA INC,1,ITEM,175.37,Etairos_Line_1,1270.1209.000.000.115101.0000.000
AI56635441,105182,175.37,2026-05-21,USD,Conversion,STANDARD,,102544,LG ELECTRONICS OF ALABAMA INC,1,ITEM,175.37,Etairos_Line_1,1270.1209.000.000.115101.0000.000
AON1311717,105183,.2,2026-01-16,USD,Conversion,STANDARD,,100203,American Express,1,ITEM,.2,Etairos_Line_1,1270.1209.000.000.115101.0000.000
C16854228,104337,-16.03,2026-03-02,USD,Conversion,CREDIT,,102544,LG ELECTRONICS OF ALABAMA INC,1,ITEM,-16.03,Etairos_Line_1,1270.1209.100.000.511000.0000.000
C4065,104338,16539.06,2026-04-10,USD,Conversion,STANDARD,SDW-10305,102574,MORGAN & THORNBURG INC,1,ITEM,16539.06,Etairos_Line_1,1270.1209.100.000.511000.0000.000
C486241CR,104339,-3290.41,2020-10-16,USD,Conversion,CREDIT,2007-021,102828,JOHNSON CONTROLS - CHICAGO,1,ITEM,-3290.41,Etairos_Line_1,1270.1209.100.000.511000.0000.000
C507895,104340,-198.34,2022-10-31,USD,Conversion,CREDIT,,102828,JOHNSON CONTROLS - CHICAGO,1,ITEM,-198.34,Etairos_Line_1,1270.1209.100.000.511000.0000.000
CB10118365,104341,129347.87,2026-05-15,USD,Conversion,STANDARD,RGB-01303,103202,JOHNSON CONTROLS BUILDING SOLUTIONS LLC,1,ITEM,129347.87,Etairos_Line_1,1270.1209.100.000.511000.0000.000
CB10118719,104342,49709.66,2026-05-28,USD,Conversion,STANDARD,RGB-01303,103202,JOHNSON CONTROLS BUILDING SOLUTIONS LLC,1,ITEM,49709.66,Etairos_Line_1,1270.1209.100.000.511000.0000.000
CIN115067,104343,975,2026-05-11,USD,Conversion,STANDARD,GRG-10427,101765,KODIS TRANSPORTATION,1,ITEM,975,Etairos_Line_1,1270.1209.100.000.511000.0000.000
CIN16679,104344,650,2026-05-26,USD,Conversion,STANDARD,GRG-10436,101765,KODIS TRANSPORTATION,1,ITEM,650,Etairos_Line_1,1270.1209.100.000.511000.0000.000
CM55675,104345,-225,2026-05-29,USD,Conversion,CREDIT,RGB-01326,102775,MAGIC AIRE,1,ITEM,-225,Etairos_Line_1,1270.1209.100.000.511000.0000.000
COOKCR,104346,-1540.75,2025-08-14,USD,Conversion,CREDIT,,102774,LOREN COOK COMPANY,1,ITEM,-1540.75,Etairos_Line_1,1270.1209.100.000.514000.0000.000
D27559,104347,5600,2026-04-29,USD,Conversion,STANDARD,,102405,AAON INC,1,ITEM,5600,Etairos_Line_1,1270.1209.100.600.722010.0000.000
D27596,104348,2800,2026-05-20,USD,Conversion,STANDARD,,102405,AAON INC,1,ITEM,2800,Etairos_Line_1,1270.1207.100.600.722010.0000.000
ET052026,105184,346.5,2026-05-20,USD,Conversion,STANDARD,,103583,EWING MOVING & STORAGE,1,ITEM,346.5,Etairos_Line_1,1270.1209.000.000.151120.0000.000
GQ51117,104349,95.45,2026-05-04,USD,Conversion,STANDARD,,102434,BAKER DISTRIBUTING COMPANY,1,ITEM,95.45,Etairos_Line_1,1270.1207.200.000.511000.0000.000
GQ94025,104350,43.98,2026-05-11,USD,Conversion,STANDARD,,102434,BAKER DISTRIBUTING COMPANY,1,ITEM,43.98,Etairos_Line_1,1270.1207.200.000.511000.0000.000
GQ94031,104351,87.96,2026-05-11,USD,Conversion,STANDARD,,102434,BAKER DISTRIBUTING COMPANY,1,ITEM,87.96,Etairos_Line_1,1270.1207.200.000.511000.0000.000
GQ94043,104352,43.98,2026-05-11,USD,Conversion,STANDARD,,102434,BAKER DISTRIBUTING COMPANY,1,ITEM,43.98,Etairos_Line_1,1270.1207.200.000.511000.0000.000
GQ99477,104353,79.32,2026-05-12,USD,Conversion,STANDARD,,102434,BAKER DISTRIBUTING COMPANY,1,ITEM,79.32,Etairos_Line_1,1270.1209.200.000.511000.0000.000
GR46961,104354,78.39,2026-05-19,USD,Conversion,STANDARD,,102434,BAKER DISTRIBUTING COMPANY,1,ITEM,78.39,Etairos_Line_1,1270.1207.200.000.511000.0000.000
GR53357,104355,53.22,2026-05-20,USD,Conversion,STANDARD,,102434,BAKER DISTRIBUTING COMPANY,1,ITEM,53.22,Etairos_Line_1,1270.1207.200.000.511000.0000.000
HI00078007,105185,317.33,2026-05-20,USD,Conversion,STANDARD,,101719,JOHNSON CONTROLS INC,1,ITEM,317.33,Etairos_Line_1,1270.1209.000.000.115101.0000.000
INV16060,105186,2520.61,2026-04-21,USD,Conversion,STANDARD,,102851,UV RESOURCES LLC,1,ITEM,2520.61,Etairos_Line_1,1270.1209.000.000.115101.0000.000
INV16107,105187,4660.46,2026-04-24,USD,Conversion,STANDARD,,102851,UV RESOURCES LLC,1,ITEM,4660.46,Etairos_Line_1,1270.1209.000.000.115101.0000.000
KMG-01280,104356,383.12,2026-04-20,USD,Conversion,STANDARD,KMG-01280,100203,American Express,1,ITEM,383.12,Etairos_Line_1,1270.1209.100.000.511000.0000.000
PB03145397,105188,419.69,2026-05-06,USD,Conversion,STANDARD,,101719,JOHNSON CONTROLS INC,1,ITEM,419.69,Etairos_Line_1,1270.1207.000.000.115101.0000.000
PB03145409,105189,709.43,2026-05-06,USD,Conversion,STANDARD,,101719,JOHNSON CONTROLS INC,1,ITEM,709.43,Etairos_Line_1,1270.1207.000.000.115101.0000.000
PB03146464,105190,15390.15,2026-05-11,USD,Conversion,STANDARD,,101719,JOHNSON CONTROLS INC,1,ITEM,15390.15,Etairos_Line_1,1270.1207.000.000.115101.0000.000
PB03146494,105191,694.49,2026-05-11,USD,Conversion,STANDARD,,101719,JOHNSON CONTROLS INC,1,ITEM,694.49,Etairos_Line_1,1270.1209.000.000.115101.0000.000
PB03146725,105192,364.81,2026-05-12,USD,Conversion,STANDARD,,101719,JOHNSON CONTROLS INC,1,ITEM,364.81,Etairos_Line_1,1270.1209.000.000.115101.0000.000
PB03146785,105193,135.77,2026-05-12,USD,Conversion,STANDARD,,101719,JOHNSON CONTROLS INC,1,ITEM,135.77,Etairos_Line_1,1270.1209.000.000.115101.0000.000
PB03148235,105194,298.89,2026-05-19,USD,Conversion,STANDARD,,101719,JOHNSON CONTROLS INC,1,ITEM,298.89,Etairos_Line_1,1270.1207.000.000.115101.0000.000
PC00212149,104357,-3353.13,2026-05-21,USD,Conversion,CREDIT,,101719,JOHNSON CONTROLS INC,1,ITEM,-3353.13,Etairos_Line_1,1270.1207.150.000.511000.0000.000
PL70458-01,104358,4964.58,2025-06-24,USD,Conversion,STANDARD,KMG-01251,102774,LOREN COOK COMPANY,1,ITEM,4964.58,Etairos_Line_1,1270.1209.100.000.511000.0000.000
PSI000060,105195,24760,2026-05-24,USD,Conversion,STANDARD,,103357,IGAS USA INC,1,ITEM,24760,Etairos_Line_1,1270.1207.000.000.115101.0000.000
SC27605,104359,4.08,2026-05-30,USD,Conversion,STANDARD,,102434,BAKER DISTRIBUTING COMPANY,1,ITEM,4.08,Etairos_Line_1,1270.1207.200.000.511000.0000.000
SCW15806,104360,271.8,2026-05-03,USD,Conversion,STANDARD,,102897,GUARANTY VISA,1,ITEM,271.8,Etairos_Line_1,1270.1209.100.000.511000.0000.000
SCW15875,105196,975,2026-05-15,USD,Conversion,STANDARD,,102897,GUARANTY VISA,1,ITEM,975,Etairos_Line_1,1270.1209.000.000.115101.0000.000
SIP1044202,104361,74081.91,2026-05-29,USD,Conversion,STANDARD,GPB-10386,102996,LAKOS CORP,1,ITEM,74081.91,Etairos_Line_1,1270.1209.100.000.511000.0000.000
SL13388CR,104362,-744.95,2025-08-27,USD,Conversion,CREDIT,SDW-10171,102774,LOREN COOK COMPANY,1,ITEM,-744.95,Etairos_Line_1,1270.1209.100.000.511000.0000.000
SL55137CR,104363,-13856.08,2025-05-21,USD,Conversion,CREDIT,GPB-10322,102774,LOREN COOK COMPANY,1,ITEM,-13856.08,Etairos_Line_1,1270.1209.100.000.511000.0000.000
SL64982-00,104364,7350.75,2025-07-10,USD,Conversion,STANDARD,GPB-10332,102774,LOREN COOK COMPANY,1,ITEM,7350.75,Etairos_Line_1,1270.1209.100.000.511000.0000.000
SL7049201,104365,-246.24,2025-07-31,USD,Conversion,CREDIT,,102774,LOREN COOK COMPANY,1,ITEM,-246.24,Etairos_Line_1,1270.1209.100.000.511000.0000.000
SP115571,105197,120,2026-05-13,USD,Conversion,STANDARD,,102963,JOE POWELL AND ASSOCIATES,1,ITEM,120,Etairos_Line_1,1270.1209.000.000.115101.0000.000
TI00035726,105198,3145,2026-05-20,USD,Conversion,STANDARD,,101719,JOHNSON CONTROLS INC,1,ITEM,3145,Etairos_Line_1,1270.1209.000.000.115101.0000.000
2026040554,107002,793.71,2026-04-17T00:00:00.000+00:00,USD,Conversion,STANDARD,,102768,FULTON THERMAL CORP,1,ITEM,793.71,Etairos_Line_2,
2026040655,107003,315.6,2026-04-20T00:00:00.000+00:00,USD,Conversion,STANDARD,,102768,FULTON THERMAL CORP,1,ITEM,315.6,Etairos_Line_2,
2026040733,107004,451.76,2026-04-22T00:00:00.000+00:00,USD,Conversion,STANDARD,,102768,FULTON THERMAL CORP,1,ITEM,451.76,Etairos_Line_2,
2026041062,107005,176.18,2026-04-29T00:00:00.000+00:00,USD,Conversion,STANDARD,,102768,FULTON THERMAL CORP,1,ITEM,88.09,Etairos_Line_2,
2026041062,107005,176.18,2026-04-29T00:00:00.000+00:00,USD,Conversion,STANDARD,,102768,FULTON THERMAL CORP,2,ITEM,88.09,Etairos_Line_2,
2026050083,107006,9635.52,2026-05-05T00:00:00.000+00:00,USD,Conversion,STANDARD,,102768,FULTON THERMAL CORP,1,ITEM,9635.52,Etairos_Line_2,
2026050341,107007,3107.09,2026-05-11T00:00:00.000+00:00,USD,Conversion,STANDARD,,102768,FULTON THERMAL CORP,1,ITEM,3107.09,Etairos_Line_2,
2026050548,107008,896.99,2026-05-19T00:00:00.000+00:00,USD,Conversion,STANDARD,,102768,FULTON THERMAL CORP,1,ITEM,896.99,Etairos_Line_2,
2026050598,107009,475.26,2026-05-19T00:00:00.000+00:00,USD,Conversion,STANDARD,,102768,FULTON THERMAL CORP,1,ITEM,475.26,Etairos_Line_2,
2026050599,107010,809.94,2026-05-19T00:00:00.000+00:00,USD,Conversion,STANDARD,,102768,FULTON THERMAL CORP,1,ITEM,809.94,Etairos_Line_2,
2026050600,107011,273.61,2026-05-19T00:00:00.000+00:00,USD,Conversion,STANDARD,,102768,FULTON THERMAL CORP,1,ITEM,273.61,Etairos_Line_2,
